event_time,device,latency_ms,packet_loss_pct,throughput_mbps,latency_rolling_mean,latency_rolling_std,packet_loss_rolling_mean,packet_loss_rolling_std,throughput_rolling_mean,throughput_rolling_std,latency_z,packet_loss_z,throughput_z,throughput_drop_score,anomaly_score,anomaly_status
2026-09-05 08:09:00,ROUTER-01,34.82,0.4,636.0,0.0,0.0,0.0,0.0,0.0,0.0,348200.0,4000.0,6360000.0,-6360000.0,352200.0,ANOMALY
2026-09-05 08:11:30,ROUTER-01,30.57,0.18,531.83,0.0,0.0,0.0,0.0,0.0,0.0,305700.0,1799.9999999999998,5318300.0,-5318300.0,307500.0,ANOMALY
2026-09-05 08:12:00,ROUTER-01,44.96,0.51,644.74,36.78333333333333,7.393174780385849,0.3633333333333333,0.1680277754817141,604.19,62.817784902048224,1.1059600663509948,0.8723523894040844,0.6455167992878058,-0.6455167992878058,1.9783124557550793,NORMAL
2026-09-05 08:16:30,ROUTER-01,60.44,1.28,572.18,42.6975,13.279639490588591,0.5925,0.4784262395256626,596.1875,53.72965746835416,1.3360578355150856,1.4367028246590654,-0.4468194373320971,0.4468194373320971,3.219580097506248,WARNING
2026-09-05 08:19:00,ROUTER-01,88.6,0.6,447.37,51.878,23.530183169707797,0.5940000000000001,0.4143428532025139,566.424,81.20644512598737,1.560627202620104,0.014477267381102712,-1.46606409391379,1.46606409391379,3.0411685639149963,WARNING
2026-09-05 08:20:30,ROUTER-01,49.64,0.9,571.22,51.505,21.06585839694172,0.645,0.3910882253405234,567.2233333333334,72.65963794753361,-0.08853145747552392,0.6518601110195134,0.05500524471410283,-0.05500524471410283,0.6518601110195134,NORMAL
2026-09-05 08:22:30,ROUTER-01,41.8,0.46,428.39,50.11857142857143,19.5771281759876,0.6185714285714285,0.363796122914496,547.39,84.57568760189498,-0.42491058252947955,-0.4357601485319693,-1.4070220730327991,1.4070220730327991,1.4070220730327991,NORMAL
2026-09-05 08:27:30,ROUTER-01,18.9,0.39,546.56,46.21625,21.221141707201877,0.59,0.3463689197538205,547.28625,78.30242140709498,-1.2872126135168451,-0.5772523553977299,-0.009274924829358619,0.009274924829358619,0.009274924829358619,NORMAL
2026-09-05 08:35:00,ROUTER-01,46.4,0.36,537.54,46.236666666666665,19.85065490103538,0.5644444444444444,0.3329456078367422,546.2033333333334,73.31722120347989,0.008228066597347128,-0.6138632056203617,-0.11816216401701023,0.11816216401701023,0.12639023061435736,NORMAL
2026-09-05 08:38:00,ROUTER-01,33.78,0.76,496.86,44.991,19.125433008896238,0.584,0.3199374938952919,541.269,70.86341125323028,-0.5861797417507373,0.5499355649172242,-0.626683595190545,0.626683595190545,1.1766191601077691,NORMAL
2026-09-05 08:40:30,ROUTER-01,31.23,0.3,395.02,44.632,19.36969786949594,0.574,0.3277939732345439,517.171,75.86704678434359,-0.6919019026577358,-0.8356359749375651,-1.6100645032456644,1.6100645032456644,1.6100645032456644,NORMAL
2026-09-05 08:42:00,ROUTER-01,42.16,0.61,530.94,45.791,18.77233452006791,0.617,0.2971363323459452,517.082,75.84845926802558,-0.19342190253045904,-0.02355028385915117,0.18270617311305984,-0.18270617311305984,0.0,NORMAL
2026-09-05 08:42:30,ROUTER-01,65.74,0.65,587.28,47.86899999999999,19.7925240937077,0.631,0.2948238645549426,511.33600000000007,66.73157510171295,0.9029121108646425,0.06442340645668716,1.138050257006818,-1.138050257006818,0.9673355173213297,NORMAL
2026-09-05 08:43:00,ROUTER-01,39.43,0.69,660.98,45.768,19.421467961453835,0.572,0.1914157778240864,520.216,80.26395236274432,-0.3263382242143934,0.6161372255626214,1.7537614393531118,-1.7537614393531118,0.6161372255626214,NORMAL
2026-09-05 08:43:30,ROUTER-01,28.87,0.83,581.9,39.795,12.862242978751588,0.595,0.2082333093218064,533.6690000000001,77.93819666177097,-0.849378687696942,1.1280001300080265,0.6188356952334751,-0.6188356952334751,1.1280001300080265,NORMAL
2026-09-05 08:45:30,ROUTER-01,76.32,1.07,501.91,42.463,17.175256782812756,0.612,0.2403608398498668,526.738,77.30705829497214,1.9712545380064783,1.904676039083766,-0.3211604274117366,0.3211604274117366,4.197091004501981,WARNING
2026-09-05 08:47:00,ROUTER-01,53.17,0.83,434.53,43.6,17.499770157220798,0.649,0.2428282429116423,527.352,76.45888332953862,0.5468612003416051,0.7450759855280934,-1.214010387764858,1.214010387764858,2.5059475736345567,NORMAL
2026-09-05 08:49:30,ROUTER-01,66.55,0.47,332.0,48.365,16.48480057507521,0.657,0.2345231568760558,505.896,97.64078430655913,1.1031307054102164,-0.7970227768215838,-1.7809752670205832,1.7809752670205832,2.8841059724308,NORMAL
2026-09-05 08:50:30,ROUTER-01,52.25,0.56,570.82,48.95,16.511099297139484,0.6769999999999999,0.2140119415152133,509.224,99.39066133193803,0.19986434302029848,-0.5464431323728233,0.6197356693373766,-0.6197356693373766,0.19986434302029848,NORMAL
2026-09-05 08:52:00,ROUTER-01,54.62,0.65,656.33,51.034,15.67778697534969,0.666,0.2120901275925454,525.171,109.46880361799684,0.2287298030428628,-0.07540407360856935,1.19813934062675,-1.19813934062675,0.2287298030428628,NORMAL
2026-09-05 08:55:00,ROUTER-01,50.28,0.34,580.92,52.939,14.079997198547696,0.67,0.2046677524401166,543.761,100.31259912560004,-0.18884812814177618,-1.6115818827308126,0.3704316634275164,-0.3704316634275164,0.0,NORMAL
2026-09-05 08:57:00,ROUTER-01,52.94,0.43,598.47,54.017,13.566335827251867,0.6519999999999999,0.2180112127595479,550.514,101.61814385236528,-0.07938710017236499,-1.01782937791804,0.47192313291373406,-0.47192313291373406,0.0,NORMAL
2026-09-05 08:59:00,ROUTER-01,65.44,0.74,658.96,53.987,13.537833447211716,0.6609999999999999,0.2197700818785143,557.682,106.89102361231691,0.8459932267106001,0.35930309083002143,0.9474874674095941,-0.9474874674095941,1.2052963175406215,NORMAL
2026-09-05 09:02:00,ROUTER-01,22.39,0.47,533.19,52.283,16.35333608506567,0.639,0.2274227585601562,544.903,100.62447858250002,-1.827933887686085,-0.7427828366247461,-0.11640297196769592,0.11640297196769592,0.11640297196769592,NORMAL
2026-09-05 09:10:00,ROUTER-01,57.4,0.46,515.6,55.136,14.155891745528113,0.6020000000000001,0.2229499196381704,538.273,100.09877899688225,0.15993227749056826,-0.63662878798769,-0.22650603310658646,0.22650603310658646,0.3864383105971547,NORMAL
2026-09-05 09:15:00,ROUTER-01,49.48,1.15,497.31,52.452,12.086233491042606,0.61,0.2422120283277992,537.813,100.29482849745216,-0.245897567049809,2.228531549698759,-0.40383896381190304,0.40383896381190304,2.6323705135106623,NORMAL
2026-09-05 09:15:30,ROUTER-01,76.56,0.45,536.38,54.791,14.300987883515052,0.572,0.2335142156034378,547.9979999999999,93.5882273935492,1.5221918903871123,-0.5222284940360651,-0.1241394127191201,0.1241394127191201,1.6463313031062325,NORMAL
2026-09-05 09:16:00,ROUTER-01,40.6,0.54,458.69,52.196000000000005,14.284546584022577,0.579,0.2311541092479694,560.667,65.44255666867956,-0.8117806717717586,-0.16864565186247552,-1.5582649787016605,1.5582649787016605,1.5582649787016605,NORMAL
2026-09-05 09:16:30,ROUTER-01,77.19,0.67,484.28,54.69000000000001,16.32629508220132,0.5900000000000001,0.2327612033346144,552.013,69.54417238146002,1.378136440207122,0.3435522914697062,-0.9739551178057501,0.9739551178057501,2.695643849482578,NORMAL
2026-09-05 09:17:30,ROUTER-01,41.56,1.01,440.27,53.384,16.846585014971627,0.626,0.2682121879739579,530.407,67.05204977395465,-0.7018591485204374,1.4311686804077295,-1.3442820297912708,1.3442820297912708,2.7754507101990002,NORMAL
2026-09-05 09:19:00,ROUTER-01,59.33,0.28,460.71,54.289,16.904294950626532,0.62,0.2758824226207808,518.3860000000001,67.76172357771183,0.2982064732114627,-1.2319625169287822,-0.8511577309287591,0.8511577309287591,1.149364204140222,NORMAL
2026-09-05 09:20:30,ROUTER-01,46.29,0.49,480.68,53.624,17.093009097288864,0.626,0.2719150194045517,506.607,62.31257016935762,-0.4290617908220833,-0.4999723923249081,-0.4160791044507297,0.4160791044507297,0.4160791044507297,NORMAL
2026-09-05 09:21:30,ROUTER-01,59.31,0.29,538.36,53.011,16.72819871421374,0.581,0.2877286530357686,494.547,35.41513802191258,0.37654755618680164,-1.0110181767200128,1.2371228444911602,-1.2371228444911602,0.37654755618680164,NORMAL
2026-09-05 09:24:00,ROUTER-01,58.4,0.52,461.02,56.612,12.824531007235915,0.5860000000000001,0.2860147626337571,487.33,33.99021983518866,0.13941921595959925,-0.23067666761565797,-0.7740439080176713,0.7740439080176713,0.9134631239772706,NORMAL
2026-09-05 09:25:00,ROUTER-01,62.51,0.41,438.4,57.123000000000005,12.960502433676451,0.581,0.2888848290313017,479.61,35.58555168729156,0.4156442594059185,-0.5917265642393911,-1.1580510134290178,1.1580510134290178,1.5736952728349363,NORMAL
2026-09-05 09:25:30,ROUTER-01,56.89,0.27,396.31,57.864,12.683846419757684,0.493,0.2227629532335511,469.50999999999993,43.46452372018166,-0.07678998063905446,-1.0006149374064215,-1.6841282342911765,1.6841282342911765,1.6841282342911765,NORMAL
2026-09-05 09:28:30,ROUTER-01,302.16,10.45,107.04,80.424,78.66199056723649,1.493,3.15500677935528,426.5759999999999,118.07817741743072,2.8188419402669065,2.8388896561625363,-2.7061370388253136,2.7061370388253136,8.363868635254757,ANOMALY
2026-09-05 09:29:30,ROUTER-01,65.8,0.27,432.13,82.944,77.64147319570901,1.466,3.165207383060038,423.92,117.57319157774783,-0.22080953919861449,-0.3778464001318493,0.06982878415520878,-0.06982878415520878,0.0,NORMAL
2026-09-05 09:30:00,ROUTER-01,49.41,0.4,545.85,80.166,78.36384727666197,1.439,3.173891582549375,430.07700000000006,122.59037809351568,-0.39247640106000153,-0.32734806409457046,0.9443881923005868,-0.9443881923005868,0.0,NORMAL
2026-09-05 09:31:00,ROUTER-01,50.42,0.82,471.23,81.05199999999999,77.92773316063773,1.42,3.1773119316666265,433.17300000000006,123.26548909208584,-0.39308163409158636,-0.18883292846618285,0.308739854166189,-0.308739854166189,0.0,NORMAL
2026-09-05 09:33:30,ROUTER-01,43.07,0.05,419.68,79.426,78.59808637760989,1.3969999999999998,3.187297880302024,429.07,122.92945393372764,-0.46255520229607566,-0.42260177442057023,-0.07638521168849449,0.07638521168849449,0.07638521168849449,NORMAL
2026-09-05 09:34:00,ROUTER-01,43.48,0.0,492.36,79.14500000000001,78.73461997960831,1.348,3.2064996491501443,430.238,123.52833483321425,-0.45297678088189014,-0.42038300614087104,0.5028963581047227,-0.5028963581047227,0.0,NORMAL
2026-09-05 09:38:30,ROUTER-01,52.95,0.77,474.3,78.50900000000001,78.93806945954532,1.396,3.1924640431282327,423.8320000000001,118.87153203727507,-0.3237850608266085,-0.1960806397439138,0.4245588214366775,-0.4245588214366775,0.0,NORMAL
2026-09-05 09:41:00,ROUTER-01,51.23,0.44,531.5,77.792,79.17322805090116,1.388,3.195002347416977,430.88,123.32733228643563,-0.33549177044727846,-0.2967041105166454,0.8158768745489146,-0.8158768745489146,0.0,NORMAL
2026-09-05 09:41:30,ROUTER-01,65.98,0.2,345.79,78.139,79.10638412922184,1.367,3.2028253152490223,421.619,126.1448790038221,-0.1537042144375681,-0.364354421392204,-0.6011257887458402,0.6011257887458402,0.6011257887458402,NORMAL
2026-09-05 09:49:00,ROUTER-01,49.48,0.32,480.53,77.398,79.36183490822273,1.372,3.2009609668209182,430.041,127.07540809823654,-0.35178073760784023,-0.3286410383632202,0.39731495671824607,-0.39731495671824607,0.0,NORMAL
2026-09-05 09:49:30,ROUTER-01,53.51,0.61,476.01,52.533,7.850726859484019,0.388,0.2795552022608589,466.938,57.25484061049643,0.12444549058163898,0.7938346871620903,0.1584492081079349,-0.1584492081079349,0.9182801777437293,NORMAL
2026-09-05 09:50:30,ROUTER-01,35.02,0.53,630.08,49.455,8.101140180383503,0.414,0.2794518443906426,486.733,75.26866399032804,-1.7818259523959281,0.4149498646766321,1.9044686321462643,-1.9044686321462643,0.4149498646766321,NORMAL
2026-09-05 09:52:00,ROUTER-01,211.8,14.02,204.27,65.694,51.97168250328464,1.7760000000000002,4.3111668954008255,452.575,113.33881508801645,2.811256281055321,2.84000046785822,-2.1908185710721857,2.1908185710721857,7.842075319985726,ANOMALY
2026-09-05 09:52:30,ROUTER-01,60.12,0.0,378.67,66.664,51.744959432457456,1.6939999999999995,4.339078755271036,443.3190000000001,115.40671446381862,-0.12646617999428236,-0.3903964541544194,-0.5601835584870793,0.5601835584870793,0.5601835584870793,NORMAL
2026-09-05 09:55:30,ROUTER-01,86.83,0.24,433.02,71.03999999999999,51.37699917710692,1.713,4.331489479510611,444.653,115.17998437710928,0.3073353741823528,-0.3400599264929468,-0.10099836324058088,0.10099836324058088,0.40833373742293366,NORMAL
2026-09-05 09:57:00,ROUTER-01,40.65,0.31,456.14,70.75699999999999,51.55316781946792,1.7439999999999998,4.318958722243642,441.031,114.07729528214158,-0.5839978971930614,-0.33201678704082843,0.1324451699009404,-0.1324451699009404,0.0,NORMAL
2026-09-05 09:58:00,ROUTER-01,40.44,0.14,411.61,69.506,52.18124741918521,1.6809999999999998,4.339291928926243,434.762,113.76800417223362,-0.5570189624753437,-0.3551188796125432,-0.20350167710406913,0.20350167710406913,0.20350167710406913,NORMAL
2026-09-05 10:00:30,ROUTER-01,57.07,0.42,481.56,70.09,51.98629584376595,1.6789999999999998,4.339932027117476,429.768,110.0862493986724,-0.25045013774620656,-0.29009002517342974,0.4704670495743101,-0.4704670495743101,0.0,NORMAL
2026-09-05 10:01:00,ROUTER-01,41.72,0.59,594.38,67.664,52.75971173369149,1.718,4.326897271717922,454.62700000000007,116.87407659052931,-0.4917379184549405,-0.26068886323844553,1.1957560179407891,-1.1957560179407891,0.0,NORMAL
2026-09-05 10:03:30,ROUTER-01,76.94,0.0,554.51,70.41,52.42165137930447,1.686,4.339549899855206,462.025,120.96569405781504,0.12456661267860601,-0.38851060313788305,0.7645549778790955,-0.7645549778790955,0.12456661267860601,NORMAL
2026-09-05 10:05:00,ROUTER-01,54.29,0.81,432.91,70.488,52.39428442110839,1.706,4.334497792260495,457.715,121.17968029610694,-0.309155268813011,-0.20670891347746834,-0.20469586542728568,0.20469586542728568,0.20469586542728568,NORMAL
2026-09-05 10:07:00,ROUTER-01,47.35,0.17,449.02,71.721,51.60602300119629,1.6700000000000004,4.346827706628261,439.609,105.01231234161718,-0.4722501630171879,-0.345071301211837,0.08961797743856184,-0.08961797743856184,0.0,NORMAL
2026-09-05 10:08:00,ROUTER-01,29.31,0.41,333.04,53.472,17.68533969139418,0.309,0.2573562165991293,452.4860000000001,77.14532263491071,-1.3662086112429168,0.3922997134587022,-1.5483225824722753,1.5483225824722753,1.9406222959309773,NORMAL
2026-09-05 10:11:30,ROUTER-01,67.83,0.26,485.01,54.24300000000001,18.16881641714733,0.335,0.2348167133934137,463.12000000000006,73.0607026154737,0.7478156477827674,-0.31926208619476953,0.29961346188884874,-0.29961346188884874,0.7478156477827674,NORMAL
2026-09-05 10:12:30,ROUTER-01,42.04,0.98,330.34,49.764,14.36561960608276,0.409,0.3070450564113715,452.852,84.13679110696938,-0.5376688541748715,1.8590564558370661,-1.456103243038081,1.456103243038081,3.315159698875147,WARNING
2026-09-05 10:13:30,ROUTER-01,65.66,0.32,536.61,52.265,14.773877283909002,0.41,0.3067028964106181,460.899,88.2345649643294,0.9066617433200664,-0.2933479476658721,0.8580641183440508,-0.8580641183440508,0.9066617433200664,NORMAL
2026-09-05 10:15:30,ROUTER-01,44.61,0.63,611.07,52.682,14.458509835618228,0.4589999999999999,0.2977862768272948,480.8450000000001,97.87267275507617,-0.5582832714743392,0.5740445710399092,1.3305539051793733,-1.3305539051793733,0.5740445710399092,NORMAL
2026-09-05 10:16:00,ROUTER-01,58.86,0.36,469.2,52.861,14.529775137818133,0.453,0.2992601989350777,479.609,97.94066145149095,0.41287347228372934,-0.3106625407480069,-0.10627852842613912,0.10627852842613912,0.5191520007098684,NORMAL
2026-09-05 10:21:00,ROUTER-01,68.1,0.67,477.0,55.499,14.676300207401722,0.461,0.3043554208852174,467.871,89.31092784325018,0.8585892876950134,0.686471600316143,0.10221582060417365,-0.10221582060417365,1.5450608880111565,NORMAL
2026-09-05 10:22:00,ROUTER-01,55.53,0.71,496.36,53.358,12.618283736088944,0.532,0.2651540432779824,462.056,84.82343821793086,0.17212981039624126,0.6710548039166306,0.40441604678014365,-0.40441604678014365,0.8431846143128718,NORMAL
2026-09-05 10:25:30,ROUTER-01,61.19,0.16,409.59,54.048,12.861226656548483,0.4669999999999999,0.2690745456395061,459.724,86.02580403576606,0.5553081879281535,-1.1405238904392982,-0.5827779499899977,0.5827779499899977,1.138086137918151,NORMAL
2026-09-05 10:26:00,ROUTER-01,59.68,0.14,464.0,55.28099999999999,12.738191437999085,0.4639999999999999,0.2728939557980475,461.222,85.94909291745525,0.3453367369879392,-1.1868394633604458,0.03232142043111427,-0.03232142043111427,0.3453367369879392,NORMAL
2026-09-05 10:29:30,ROUTER-01,54.19,0.34,647.89,57.769000000000005,8.97620118857524,0.4569999999999999,0.2753200158199667,492.7070000000001,91.27886697733857,-0.39871656763871166,-0.4248057268157267,1.7000959272307112,-1.7000959272307112,0.0,NORMAL
2026-09-05 10:31:00,ROUTER-01,43.3,0.45,507.85,55.316,9.268260294623309,0.476,0.2666333312497312,494.991,91.35059696332344,-1.2964537003347438,-0.09747563185366309,0.1407652095436428,-0.1407652095436428,0.0,NORMAL
2026-09-05 10:33:00,ROUTER-01,51.99,0.18,484.42,56.31099999999999,8.151453108359252,0.396,0.2132916625968511,510.399,71.28356027553299,-0.530083033571712,-1.0122232395183908,-0.3644453707845986,0.3644453707845986,0.3644453707845986,NORMAL
2026-09-05 10:35:00,ROUTER-01,41.62,0.0,490.7,53.907,8.61939163875412,0.364,0.2472605463428678,505.808,70.88517707453994,-1.425490100223125,-1.471536206487261,-0.21313311626211284,0.21313311626211284,0.21313311626211284,NORMAL
2026-09-05 10:36:30,ROUTER-01,49.01,1.09,578.84,54.347,8.193870405505837,0.41,0.3308910528994166,502.5849999999999,66.14133188357586,-0.6513325940759893,2.054436197121746,1.1529082124231367,-1.1529082124231367,2.054436197121746,NORMAL
2026-09-05 10:41:30,ROUTER-01,41.54,0.53,468.6,52.615,8.931277437560041,0.4269999999999999,0.3324003610106277,502.525,66.17524549759268,-1.2400102982352046,0.30977409975415926,-0.5126531602503545,0.5126531602503545,0.8224272600045137,NORMAL
2026-09-05 10:42:00,ROUTER-01,30.8,0.59,579.73,48.885,9.515422860925575,0.419,0.3268179921607677,512.798,69.65487073979655,-1.9005786927656931,0.5230669589941312,0.9609077326301884,-0.9609077326301884,0.5230669589941312,NORMAL
2026-09-05 10:42:30,ROUTER-01,63.09,0.38,462.68,49.641,10.364469702894835,0.386,0.3104190715790441,509.43,71.33207241876228,1.2975936662612906,-0.01932248466894143,-0.655384497832895,0.655384497832895,1.9529781640941857,NORMAL
2026-09-05 10:46:00,ROUTER-01,49.32,0.84,485.05,48.454,9.541919443522334,0.454,0.3293157890063646,516.976,63.11481481307595,0.09075646985690118,1.1717713991922292,-0.5058392314170669,0.5058392314170669,1.7683671004661972,NORMAL
2026-09-05 10:48:00,ROUTER-01,31.23,0.23,537.33,45.609,10.05063231841675,0.4629999999999999,0.3209032391374143,524.309,60.48086794828391,-1.4306420213432833,-0.7258493734396799,0.21529086656043722,-0.21529086656043722,0.0,NORMAL
2026-09-05 10:50:00,ROUTER-01,55.14,0.0,574.58,45.704,10.14480184352793,0.429,0.3518980281590362,516.978,46.71294462518435,0.930122355596749,-1.2187568272574911,1.233103097051079,-1.233103097051079,0.930122355596749,NORMAL
2026-09-05 10:53:30,ROUTER-01,60.64,0.69,415.48,47.438,11.12300099393658,0.453,0.361541452979071,507.7410000000001,56.768726415949104,1.1868992295580763,0.6553452267368135,-1.6252053428759892,1.6252053428759892,3.467449799170879,WARNING
2026-09-05 10:56:00,ROUTER-01,49.4,0.44,354.35,47.179,11.035036575481987,0.4789999999999999,0.3488536783364688,494.734,74.75686816458922,0.20126619954433947,-0.11176268490970102,-1.8778717683002137,1.8778717683002137,2.079137967844553,NORMAL
2026-09-05 10:59:00,ROUTER-01,43.31,0.49,572.91,47.348,10.953078511947767,0.5279999999999999,0.3058612612134898,502.955,78.68126238184026,-0.36866011045061775,-0.12419872976495794,0.8890923832826981,-0.8890923832826981,0.0,NORMAL
2026-09-05 11:07:00,ROUTER-01,53.13,0.74,621.31,47.760000000000005,11.0990550148301,0.493,0.2491786507708787,507.20200000000006,84.18608499429494,0.4838206145265013,0.9908590215654967,1.3554242897184694,-1.3554242897184694,1.474679636091998,NORMAL
2026-09-05 11:11:00,ROUTER-01,41.43,0.45,526.73,47.749,11.105956810048816,0.485,0.2491429754623192,513.015,83.2259246802874,-0.5689688165724616,-0.1404252213530941,0.16479220355274896,-0.16479220355274896,0.0,NORMAL
2026-09-05 11:12:30,ROUTER-01,63.87,0.46,431.17,51.056,10.399444643291844,0.472,0.24643232111248,498.159,83.25309222819023,1.2321693342857647,-0.0486751592888503,-0.8046418186150577,0.8046418186150577,2.0368111529008224,NORMAL
2026-09-05 11:14:00,ROUTER-01,60.47,0.0,544.52,50.794,10.09100721765024,0.434,0.2879891973282564,506.343,83.40030682730655,0.9588640563719134,-1.5064778687466334,0.4577555608217997,-0.4577555608217997,0.9588640563719134,NORMAL
2026-09-05 11:15:00,ROUTER-01,63.43,0.5,538.88,52.205,10.822006642844944,0.4,0.2526306042866103,511.726,83.61020554400696,1.0372287365530104,0.3956782372371275,0.3247685775494256,-0.3247685775494256,1.4329069737901379,NORMAL
2026-09-05 11:16:30,ROUTER-01,325.86,11.87,170.44,81.668,86.16551718124316,1.5639999999999998,3.6294695051603454,475.037,135.51373034575587,2.8339842269841777,2.839455198570362,-2.2477189171233514,2.2477189171233514,7.921158342677891,ANOMALY
2026-09-05 11:21:00,ROUTER-01,45.19,0.69,463.91,80.673,86.56242231284119,1.6329999999999998,3.60289405277973,463.97,130.92235035402567,-0.40991180769620716,-0.26172677117589743,-0.00045828656458657066,0.00045828656458657066,0.00045828656458657066,NORMAL
2026-09-05 11:23:00,ROUTER-01,49.63,0.91,467.09,79.572,86.91483785867636,1.655,3.5971632341795843,469.131,129.81099572070164,-0.3444977438594695,-0.20710188593410223,-0.015722847023734873,0.015722847023734873,0.015722847023734873,NORMAL
2026-09-05 11:27:00,ROUTER-01,46.14,0.74,300.93,79.24600000000001,87.04659521071332,1.6849999999999998,3.587141387418863,463.789,136.01044906346155,-0.3803246053151191,-0.26343362432043027,-1.197399768778311,1.197399768778311,1.197399768778311,NORMAL
2026-09-05 11:33:00,ROUTER-01,66.18,0.34,453.08,81.533,86.29471994276359,1.67,3.593002458483247,451.8059999999999,130.4951882637825,-0.1779133441634517,-0.3701536528299923,0.009762804595862502,-0.009762804595862502,0.0,NORMAL
2026-09-05 11:35:30,ROUTER-01,26.35,0.5,473.1,78.855,87.67853180162683,1.646,3.600698080465323,436.985,116.8028516822734,-0.5988346182088324,-0.31826277797057284,0.3091959533543278,-0.3091959533543278,0.0,NORMAL
2026-09-05 11:39:30,ROUTER-01,39.93,0.25,431.46,78.70500000000001,87.75092557283307,1.626,3.6086260851219008,427.458,112.4746286255016,-0.4418751774908532,-0.38129798924695035,0.03558132612460087,-0.03558132612460087,0.0,NORMAL
2026-09-05 11:40:00,ROUTER-01,49.62,0.36,455.56,77.28,88.13347087735107,1.616,3.612352880510613,429.89699999999993,112.82795901036454,-0.3138418167407782,-0.3476861959296939,0.2274522864710686,-0.2274522864710686,0.0,NORMAL
2026-09-05 11:43:30,ROUTER-01,23.9,0.47,457.65,73.623,89.65408214663489,1.6629999999999998,3.59199124596805,421.21,106.16993307377072,-0.5546088181215574,-0.3321185121171643,0.34322302579184644,-0.34322302579184644,0.0,NORMAL
2026-09-05 11:44:00,ROUTER-01,44.56,0.58,378.84,71.73600000000002,90.08998158631304,1.671,3.5892012419973818,405.206,98.226608773342,-0.3016536284736669,-0.30395888403974647,-0.26841986593320105,0.26841986593320105,0.26841986593320105,NORMAL
2026-09-05 11:50:00,ROUTER-01,26.65,0.68,562.01,41.815000000000005,13.110304047665313,0.5519999999999999,0.2060636363413455,444.363,67.47502682886166,-1.1567149223521127,0.6208660376365805,1.7435610057968491,-1.7435610057968491,0.6208660376365805,NORMAL
2026-09-05 11:54:00,ROUTER-01,385.84,5.43,174.18,75.88,109.68869505205276,1.026,1.5603147830557194,415.39,108.114308951221,2.825812790202578,2.8223265043514663,-2.2310624674351125,2.2310624674351125,7.879201761989156,ANOMALY
2026-09-05 11:58:30,ROUTER-01,50.78,0.16,533.57,75.995,109.65871483329032,0.951,1.5843501997839842,422.038,113.55370611888188,-0.22994047526715755,-0.49922679810816445,0.982195170835884,-0.982195170835884,0.0,NORMAL
2026-09-05 12:00:00,ROUTER-01,51.18,0.7,583.34,76.499,109.51774421932224,0.9469999999999998,1.5849924640549893,450.279,115.19338536661844,-0.23118607000057223,-0.1558268716817463,1.1551087249119676,-1.1551087249119676,0.0,NORMAL
2026-09-05 12:02:00,ROUTER-01,64.97,0.61,443.45,76.378,109.5310794858397,0.974,1.575776351869486,449.316,115.20761946252628,-0.10415299144546178,-0.23098258919120226,-0.05091672699855867,0.05091672699855867,0.05091672699855867,NORMAL
2026-09-05 12:03:00,ROUTER-01,81.33,0.24,631.96,81.876,108.11154622271695,0.948,1.586574226999094,465.20200000000006,128.98090399572948,-0.005050334714866993,-0.4462163612117488,1.2928880597449939,-1.2928880597449939,0.0,NORMAL
2026-09-05 12:05:00,ROUTER-01,310.43,11.71,155.63,108.926,128.3889043492466,2.0940000000000003,3.7246213826970975,437.619,162.21136557316558,1.5694801982564208,2.581669610154031,-1.7384036264243523,1.7384036264243523,5.889553434834804,WARNING
2026-09-05 12:06:30,ROUTER-01,78.71,0.68,350.41,111.835,127.22009757808618,2.1260000000000003,3.709412052843115,427.104,164.31359652945497,-0.2603753227129543,-0.3898086808726579,-0.46675354288710647,0.46675354288710647,0.46675354288710647,NORMAL
2026-09-05 12:07:30,ROUTER-01,53.26,0.45,477.35,114.771,125.2893737136376,2.124,3.7104093814264982,429.074,164.83777056380166,-0.4909510605862223,-0.4511509951650989,0.29286959261776224,-0.29286959261776224,0.0,NORMAL
2026-09-05 12:08:30,ROUTER-01,57.44,0.2,403.24,116.059,124.55142360130252,2.086,3.729873992509666,431.514,164.1908849276762,-0.47064056950152783,-0.5056335523484518,-0.17220190263463184,0.17220190263463184,0.17220190263463184,NORMAL
2026-09-05 12:09:00,ROUTER-01,52.26,0.72,531.12,118.62,122.75914539364376,2.0900000000000003,3.7282197121712417,428.425,161.7352260984328,-0.5405702828101289,-0.3674577573182855,0.6349571394037897,-0.6349571394037897,0.0,NORMAL
2026-09-05 12:09:30,ROUTER-01,55.47,0.35,520.12,85.583,79.78807374678388,1.5820000000000003,3.5650769042663484,463.019,136.31033012537577,-0.37741182165124815,-0.34556489988637024,0.41890411428883007,-0.41890411428883007,0.0,NORMAL
2026-09-05 12:10:30,ROUTER-01,49.14,0.2,439.54,85.419,79.86920202570089,1.586,3.563326161514454,453.616,134.12854971589357,-0.45422958608459973,-0.3889515138461438,-0.10494402224890235,0.10494402224890235,0.10494402224890235,NORMAL
2026-09-05 12:12:30,ROUTER-01,67.81,0.74,451.03,87.08200000000001,79.24779489396253,1.5900000000000003,3.562243363075827,440.38499999999993,126.20177329710302,-0.24318627044651295,-0.23860698236176944,0.08434898565205684,-0.08434898565205684,0.0,NORMAL
2026-09-05 12:14:30,ROUTER-01,32.8,0.66,559.17,83.865,80.88127173002825,1.5950000000000002,3.560749764991762,451.957,131.6997251368094,-0.6313567501111194,-0.26257777264078513,0.8140709366062362,-0.8140709366062362,0.0,NORMAL
2026-09-05 12:16:00,ROUTER-01,49.04,0.71,505.81,80.636,81.63476318333998,1.642,3.543939427623822,439.342,117.856335218397,-0.3870405212665083,-0.262976758310186,0.5639742953096258,-0.5639742953096258,0.0,NORMAL
2026-09-05 12:20:30,ROUTER-01,31.59,0.96,418.31,52.752,14.15456016036322,0.567,0.2538175197525429,465.61,65.03059929329015,-1.495055321727835,1.5477466871250196,-0.7273487831750935,0.7273487831750935,2.275095470300113,NORMAL
2026-09-05 12:23:30,ROUTER-01,51.88,0.57,451.77,50.069,10.842928519957054,0.556,0.2507411236935623,475.746,51.59019097119588,0.16701975805622735,0.055812220077210595,-0.4647386077621928,0.4647386077621928,0.6875705858956307,NORMAL
2026-09-05 12:30:00,ROUTER-01,39.68,0.39,401.01,48.711,11.24193088397227,0.55,0.2542527176736636,468.112,56.71962971983845,-0.8033246032863572,-0.6290477312897487,-1.1830451296478983,1.1830451296478983,1.1830451296478983,NORMAL
2026-09-05 12:32:00,ROUTER-01,12.51,0.17,451.48,44.218,15.527307701094074,0.5469999999999999,0.2589744732165257,472.936,52.482361947187314,-2.042066558074973,-1.4551800311291803,-0.40882228470133436,0.40882228470133436,0.40882228470133436,NORMAL
2026-09-05 12:34:00,ROUTER-01,65.34,0.97,407.65,45.526,16.780385507424683,0.5720000000000001,0.2879737642371056,460.589,51.79230390061216,1.1807763244533724,1.3815905834188256,-1.0221383062579628,1.0221383062579628,3.5845052141301608,WARNING
2026-09-05 12:39:00,ROUTER-01,38.69,0.25,419.82,43.848,16.51236223762904,0.5619999999999999,0.2980976722858154,450.559,48.59600702618406,-0.3123701314662699,-1.046285833180332,-0.6325403798999281,0.6325403798999281,0.6325403798999281,NORMAL
2026-09-05 12:40:00,ROUTER-01,24.61,0.02,382.66,41.395,17.435105869098653,0.544,0.3264693281492481,444.871,53.14494800909053,-0.9627073018821622,-1.6045597514305523,-1.1705888381050795,1.1705888381050795,1.1705888381050795,NORMAL
2026-09-05 12:40:30,ROUTER-01,48.52,0.56,459.89,39.466,15.09837827936096,0.526,0.3193465550498729,445.757,53.33255896312872,0.5996630807739395,0.1064340793867439,0.2649971007402943,-0.2649971007402943,0.7060971601606834,NORMAL
2026-09-05 12:51:00,ROUTER-01,53.36,0.31,470.21,41.522000000000006,15.484707725150802,0.491,0.3221955927693602,436.861,37.33230517929553,0.7644912491081453,-0.5615962615086904,0.8932989942607628,-0.8932989942607628,0.7644912491081453,NORMAL
2026-09-05 12:51:30,ROUTER-01,70.46,0.65,534.99,43.664,17.928845287227624,0.485,0.3181980515339455,439.779,43.885580889399805,1.4945664438548516,0.5183820611054017,2.1695231353468047,-2.1695231353468047,2.0129485049602533,NORMAL
2026-09-05 12:53:30,ROUTER-01,58.15,0.11,602.31,46.32,17.908752670753827,0.4,0.2894439112812315,458.179,66.58603948610008,0.6605671629271405,-1.001575197063376,2.1645796123994763,-2.1645796123994763,0.6605671629271405,NORMAL
2026-09-05 12:54:30,ROUTER-01,50.61,0.64,445.84,46.193,17.869402806660236,0.407,0.2948087892553779,457.58600000000007,66.67580357387722,0.24718091195876576,0.7900747908813,-0.17616559162164888,0.17616559162164888,1.2134212944617147,NORMAL
2026-09-05 12:55:00,ROUTER-01,39.47,0.95,438.19,46.172,17.878028601237798,0.4629999999999999,0.3408176443006819,461.304,64.1596020699771,-0.374871450445657,1.4284974924045784,-0.36025728384446387,0.36025728384446387,1.7887547762490423,NORMAL
2026-09-05 12:55:30,ROUTER-01,40.06,0.61,566.42,48.92700000000001,13.763644583548045,0.507,0.3269063746361902,472.798,72.01838728176776,-0.6442287522974545,0.31497856919331396,1.2999717646624516,-1.2999717646624516,0.31497856919331396,NORMAL
2026-09-05 13:03:30,ROUTER-01,56.21,0.45,555.62,48.014,12.824720226535094,0.4549999999999999,0.283558733872817,487.595,72.34603778600002,0.6390732856466969,-0.017626814911476427,0.9402713411076348,-0.9402713411076348,0.6390732856466969,NORMAL
2026-09-05 13:04:30,ROUTER-01,48.05,0.9,420.97,48.95,12.403245095090966,0.52,0.3050318744728881,487.71,72.22714971224855,-0.07256107067086366,1.245363175041761,-0.9240279848103083,0.9240279848103083,2.1693911598520694,NORMAL
2026-09-05 13:05:00,ROUTER-01,50.66,0.93,432.25,51.55499999999999,8.988836595096263,0.611,0.2733922700687282,492.669,65.612704299972,-0.09956683869460661,1.1663949402293377,-0.9208416046930914,0.9208416046930914,2.087236544922429,NORMAL
2026-09-05 13:05:30,ROUTER-01,47.79,0.32,599.97,51.48199999999999,9.019136199092808,0.587,0.2884845460910037,506.677,72.43544544397214,-0.4093473015343971,-0.9252054679178934,1.2879450196473057,-1.2879450196473057,0.0,NORMAL
2026-09-05 13:07:00,ROUTER-01,41.64,0.29,466.57,50.31,9.496815840644691,0.585,0.2906792810718431,506.313,72.64789376009313,-0.9129279595060037,-1.014515198306423,-0.547062595166001,0.547062595166001,0.547062595166001,NORMAL
2026-09-05 13:15:30,ROUTER-01,38.45,0.1,441.35,47.109,7.02280958338287,0.53,0.3268026927673627,496.949,74.5508210626222,-1.232964755873881,-1.3153761333682426,-0.7457855544574326,0.7457855544574326,0.7457855544574326,NORMAL
2026-09-05 13:17:00,ROUTER-01,54.96,0.46,548.26,46.790000000000006,6.520017041559949,0.5650000000000001,0.2939104171909061,491.544,67.70865892434543,1.2530449910520791,-0.3571302030833204,0.8376464271538604,-0.8376464271538604,1.2530449910520791,NORMAL
2026-09-05 13:17:30,ROUTER-01,62.5,0.95,523.85,47.979,8.169523921938211,0.5959999999999999,0.3180565987367643,499.345,66.3378796180751,1.777437999441589,1.1126596192112672,0.3693962363804507,-0.3693962363804507,2.890097618652856,NORMAL
2026-09-05 13:18:00,ROUTER-01,20.09,0.06,551.09,46.041,11.872025428619498,0.507,0.3321997391128807,510.6350000000001,64.35094616415688,-2.1858765017291097,-1.3451710831712576,0.6286611082716648,-0.6286611082716648,0.0,NORMAL
2026-09-05 13:24:00,ROUTER-01,52.54,0.7,553.23,47.289,11.829316172590913,0.516,0.3364917037114971,509.316,63.20545742963092,0.4438934198770275,0.5466563731995958,0.6947806772986872,-0.6947806772986872,0.9905497930766234,NORMAL
2026-09-05 13:27:30,ROUTER-01,59.14,0.35,430.16,47.582,12.10783933380944,0.506,0.3401372272088614,496.77,65.40638721783135,0.9545802701312002,-0.45850361901825726,-1.0184005109181355,1.0184005109181355,1.9729807810493356,NORMAL
2026-09-05 13:28:00,ROUTER-01,33.62,0.3,570.51,46.139,12.881053657730934,0.446,0.3148968084944645,511.724,63.20837307403715,-0.9718849982420966,-0.4634967595316627,0.9300335404581435,-0.9300335404581435,0.0,NORMAL
2026-09-05 13:29:00,ROUTER-01,68.2,0.17,426.7,47.893,14.639281289280436,0.37,0.2741856629690499,511.169,64.00309844062237,1.3871487871464645,-0.7291668030879462,-1.3197621690479162,1.3197621690479162,2.7069109561943807,NORMAL
2026-09-05 13:31:00,ROUTER-01,52.88,0.7,506.37,48.402,14.723547881615753,0.408,0.2922251795372109,501.809,55.905561530137575,0.30413658598772414,0.9988876102369091,0.08158386601938765,-0.08158386601938765,1.3030241962246332,NORMAL
2026-09-05 13:32:30,ROUTER-01,47.71,0.3,502.4,49.009,14.537749673025909,0.409,0.2917933058405091,505.392,54.52733214738375,-0.0893529668565919,-0.37342411702842454,-0.05487146344821183,0.05487146344821183,0.05487146344821183,NORMAL
2026-09-05 13:33:30,ROUTER-01,64.35,0.21,570.12,51.599,14.753109992284775,0.42,0.2807133769523631,518.269,52.90372229080123,0.8642864845459505,-0.7478276223131073,0.9800993152250118,-0.9800993152250118,0.8642864845459505,NORMAL
2026-09-05 13:34:30,ROUTER-01,30.03,0.64,620.27,49.106,16.161212963278892,0.438,0.2892058090702873,525.47,61.62199679407414,-1.180349643828057,0.698223103950615,1.5384091897553922,-1.5384091897553922,0.698223103950615,NORMAL
2026-09-05 13:35:30,ROUTER-01,57.62,0.42,483.07,48.618,15.781039115202931,0.385,0.2267769339632613,521.392,63.07338685126148,0.5704277704090335,0.15426865741083934,-0.6075770012583919,0.6075770012583919,1.3322734290782647,NORMAL
2026-09-05 13:37:00,ROUTER-01,55.83,1.02,613.48,52.19199999999999,12.255620751312778,0.481,0.2724966870338864,527.631,69.13211706580375,0.29684096707330077,1.9772800831324746,1.2418088648637489,-1.2418088648637489,2.2741210502057756,NORMAL
2026-09-05 13:42:30,ROUTER-01,64.88,0.2,424.97,53.426,12.898918300901876,0.4309999999999999,0.2737172101112946,514.8050000000001,75.46312995982427,0.8879745522338821,-0.8436284918179855,-1.1904473217993334,1.1904473217993334,2.0784218740332157,NORMAL
2026-09-05 13:43:30,ROUTER-01,38.66,0.58,417.94,51.378,13.502595470666114,0.454,0.2758099184422318,513.583,77.06798961523083,-0.9418860128801083,0.4566707884638116,-1.2410194735266697,1.2410194735266697,1.6976902619904815,NORMAL
2026-09-05 13:44:00,ROUTER-01,58.05,1.1,588.07,53.82099999999999,12.066331901433983,0.534,0.3356982772272336,515.339,78.69213548873721,0.3504764320177723,1.6855357468584917,0.9242462048293136,-0.9242462048293136,2.036012178876264,NORMAL
2026-09-05 13:46:30,ROUTER-01,57.12,0.77,499.97,52.713,11.066558282602156,0.5940000000000001,0.3164806471176383,522.6659999999999,72.7053064240996,0.39822319325863903,0.5559404897375172,-0.3121638557057414,0.3121638557057414,1.2663275387018975,NORMAL
2026-09-05 13:47:00,ROUTER-01,49.62,0.4,405.45,52.387,11.109027410174496,0.5640000000000001,0.319520474044047,512.574,81.67013641608673,-0.24907446803299743,-0.5131085562979272,-1.3116651145006304,1.3116651145006304,1.3116651145006304,NORMAL
2026-09-05 13:52:00,ROUTER-01,50.85,0.63,515.69,52.701,11.006041219863825,0.5970000000000001,0.3059793021322397,513.903,81.59427908186262,-0.16817883425476354,0.10781519616031557,0.02190101842931067,-0.02190101842931067,0.10781519616031557,NORMAL
2026-09-05 13:54:00,ROUTER-01,50.97,0.5,588.31,51.363,10.217584026243284,0.6260000000000001,0.2776568625720105,515.722,83.1742483918884,-0.03846272785404328,-0.45363415626619735,0.872720993953457,-0.872720993953457,0.0,NORMAL
2026-09-05 13:54:30,ROUTER-01,20.37,0.7,538.01,50.397000000000006,12.630337419615604,0.632,0.278639552109888,507.4960000000001,75.38891772373144,-2.3773523435828756,0.24395533208431142,0.4047539140491348,-0.4047539140491348,0.24395533208431142,NORMAL
2026-09-05 14:02:00,ROUTER-01,52.41,0.71,556.49,49.876,12.404725085404086,0.6609999999999999,0.2690497682172886,514.838,76.31523305052242,0.2042753511278111,0.18205477316421695,0.545788091790486,-0.545788091790486,0.38633012429202807,NORMAL
2026-09-05 14:02:30,ROUTER-01,50.05,0.63,480.59,49.298,12.229900335744007,0.6220000000000001,0.237664562870537,501.5490000000001,68.3884649874036,0.06148814222041865,0.03364672978771821,-0.3064693637578231,0.3064693637578231,0.40160423576595994,NORMAL
2026-09-05 14:04:30,ROUTER-01,355.14,20.0,159.67,78.324,97.87609947729266,2.602,6.115855168694273,475.019,127.39760057482329,2.828225875936483,2.8446905708294117,-2.475311552540849,2.475311552540849,8.148227999306744,ANOMALY
2026-09-05 14:07:00,ROUTER-01,32.45,0.82,458.45,77.703,98.17496411452817,2.626,6.107503945511984,479.0700000000001,126.01752576526802,-0.460941894035426,-0.2956969731685194,-0.1636279042299116,0.1636279042299116,0.1636279042299116,NORMAL
2026-09-05 14:08:00,ROUTER-01,58.12,0.71,534.27,77.71000000000001,98.17340961561617,2.587,6.119564345423437,473.69,121.92909925216554,-0.19954466410238111,-0.3067161684126853,0.4968457135088094,-0.4968457135088094,0.0,NORMAL
2026-09-05 14:14:00,ROUTER-01,67.95,0.31,443.28,78.79299999999999,97.98057960069887,2.541,6.136445677715688,468.021,121.8893402002178,-0.11066467434384532,-0.36355958501240776,-0.2029790272181087,0.2029790272181087,0.2029790272181087,NORMAL
2026-09-05 14:16:00,ROUTER-01,43.35,0.17,532.04,78.166,98.2078050982824,2.518,6.145785909421548,480.68,121.24076175573585,-0.3545132132200313,-0.3820441893333152,0.42361955578536736,-0.42361955578536736,0.0,NORMAL
2026-09-05 14:24:30,ROUTER-01,54.49,0.27,454.88,78.53,98.10199963983064,2.482,6.159113933387208,474.599,120.8139318171174,-0.245050820403027,-0.3591367378894614,-0.16321779600774922,0.16321779600774922,0.16321779600774922,NORMAL
2026-09-05 14:25:30,ROUTER-01,73.42,0.22,506.25,80.775,97.65709808076193,2.454,6.169752741308916,466.3929999999999,114.87300476323112,-0.07531446882100244,-0.36208319609360134,0.3469654631704323,-0.3469654631704323,0.0,NORMAL
2026-09-05 14:27:30,ROUTER-01,39.83,0.22,435.77,82.721,96.50678680221868,2.406,6.186758620006296,456.169,112.31193499950626,-0.4444346038008755,-0.3533295545062537,-0.1816279083545203,0.1816279083545203,0.1816279083545203,NORMAL
2026-09-05 14:29:30,ROUTER-01,288.53,12.72,66.73,106.333,115.31857391591345,3.607,6.940717302027698,407.1929999999999,160.2559350989673,1.579943592941868,1.3129577690134153,-2.1244940934033743,2.1244940934033743,5.017395455358658,WARNING
2026-09-05 14:30:30,ROUTER-01,35.43,0.2,619.13,104.871,116.20071059736824,3.564,6.962507849586638,421.047,172.8032027127326,-0.5975947985475819,-0.48315230049897423,1.1462917484238841,-1.1462917484238841,0.0,NORMAL
2026-09-05 14:31:00,ROUTER-01,68.01,0.56,681.72,76.15799999999999,76.01406562823313,1.6200000000000003,3.9069624461409336,473.252,163.6824087337698,-0.10719054708631383,-0.27130357259761195,1.273611955319392,-1.273611955319392,0.0,NORMAL
2026-09-05 14:32:30,ROUTER-01,58.05,0.55,545.58,78.71799999999999,74.79989450378774,1.5930000000000002,3.914031879731634,481.965,165.1196384611944,-0.27631018073074054,-0.2664703265112037,0.3852658718627424,-0.3852658718627424,0.0,NORMAL
2026-09-05 14:34:00,ROUTER-01,64.94,1.0,534.88,79.39999999999999,74.62210158153174,1.6220000000000003,3.907832021864694,482.026,165.14121971479102,-0.19377611077584048,-0.1591634645945579,0.32005315260458145,-0.32005315260458145,0.0,NORMAL
2026-09-05 14:34:30,ROUTER-01,38.65,0.9,297.42,76.47,75.68922820762981,1.6810000000000005,3.890236925089952,467.44,175.0857601926045,-0.4996741402731539,-0.20075382030874928,-0.9710664231421555,0.9710664231421555,0.9710664231421555,NORMAL
2026-09-05 14:44:00,ROUTER-01,34.33,0.04,357.92,75.568,76.1799350660439,1.668,3.896060118176366,450.028,176.59901338594412,-0.5413229327637998,-0.4178473036580438,-0.5215654724081478,0.5215654724081478,0.5215654724081478,NORMAL
2026-09-05 14:46:00,ROUTER-01,46.68,0.84,535.54,74.787,76.45955896202034,1.725,3.877459792756649,458.094,178.67508078446002,-0.3676056155830036,-0.2282363257565224,0.4334457626402229,-0.4334457626402229,0.0,NORMAL
2026-09-05 14:46:30,ROUTER-01,45.85,0.4,588.11,72.03,77.0094137102731,1.743,3.870107807858127,466.28,182.9505441369333,-0.33995799659890047,-0.3470097903459222,0.6659173055920687,-0.6659173055920687,0.0,NORMAL
2026-09-05 14:48:00,ROUTER-01,62.91,0.49,541.78,74.338,76.27953996831506,1.7700000000000002,3.859228477875395,476.881,184.05424692193327,-0.1498171727704397,-0.3316639170098978,0.3526078089724604,-0.3526078089724604,0.0,NORMAL
2026-09-05 14:48:30,ROUTER-01,41.25,0.45,492.17,49.61,12.7757452489736,0.5429999999999999,0.303206933371323,519.425,114.88819862515614,-0.6543598358528673,-0.30662009261141693,-0.237230425780125,0.237230425780125,0.237230425780125,NORMAL
2026-09-05 14:50:00,ROUTER-01,303.36,12.21,119.19,76.40299999999999,80.60763584590896,1.7440000000000002,3.687887682068904,469.4309999999999,164.6702602475626,2.815573438681551,2.837861973044535,-2.1269219273793634,2.1269219273793634,7.78035733910545,ANOMALY
2026-09-05 14:52:00,ROUTER-01,59.94,1.02,511.64,75.596,80.74128369882,1.7900000000000005,3.674322310909107,452.423,148.27486151288983,-0.19390304305905537,-0.20955675065272802,0.3993728907146075,-0.3993728907146075,0.0,NORMAL
2026-09-05 14:54:30,ROUTER-01,40.23,0.58,408.72,73.814,81.36579314019704,1.7930000000000004,3.6732094655461416,438.737,145.00098490470097,-0.4127527973193052,-0.33021993147524087,-0.20701224421684886,0.20701224421684886,0.20701224421684886,NORMAL
2026-09-05 14:56:30,ROUTER-01,50.32,0.29,466.91,72.352,81.67372510993566,1.7220000000000002,3.697025230581413,431.94,141.54536767803845,-0.26975594653910484,-0.38732796718784734,0.24705842280689155,-0.24705842280689155,0.0,NORMAL
2026-09-05 15:01:00,ROUTER-01,69.35,0.65,501.51,75.422,80.83887579624052,1.6969999999999998,3.7040399865852174,452.349,134.53413515205386,-0.07511228266059236,-0.2826567040640413,0.3654162819184057,-0.3654162819184057,0.0,NORMAL
2026-09-05 15:01:30,ROUTER-01,60.1,0.64,406.27,77.999,79.78729813280641,1.757,3.678991558686821,457.184,131.60022274550545,-0.22433367196918796,-0.30360755696949576,-0.3868835496586114,0.3868835496586114,0.3868835496586114,NORMAL
2026-09-05 15:04:00,ROUTER-01,41.29,0.76,514.02,77.46000000000001,80.04018587906675,1.749,3.681293401932412,455.032,130.34651457642514,-0.4518974364315669,-0.2686482785243383,0.4525472348605879,-0.4525472348605879,0.0,NORMAL
2026-09-05 15:09:00,ROUTER-01,38.23,0.59,442.64,76.69800000000001,80.40997489256058,1.7680000000000002,3.674040464302664,440.485,121.67332413292382,-0.4783977636061002,-0.3206192064362405,0.017711345064520524,-0.017711345064520524,0.0,NORMAL
2026-09-05 15:10:00,ROUTER-01,48.19,0.43,578.23,75.226,80.82409283265865,1.762,3.676407666912543,444.13,125.529867185286,-0.33450380452269185,-0.3623003460560132,1.0682708121962974,-1.0682708121962974,0.0,NORMAL
2026-09-05 15:16:00,ROUTER-01,27.12,0.51,426.03,73.813,81.60382535287316,1.768,3.674076754777994,437.516,124.45527819707404,-0.5721906121315768,-0.3423896246592014,-0.09229010562976285,0.09229010562976285,0.09229010562976285,NORMAL
2026-09-05 15:17:00,ROUTER-01,41.72,0.5,473.84,47.649,12.584140327324016,0.597,0.1970927587598198,472.9810000000001,54.58161563709467,-0.47114484830096837,-0.4919044726086808,0.01573787100631325,-0.01573787100631325,0.0,NORMAL
2026-09-05 15:18:00,ROUTER-01,41.54,0.35,539.7,45.809,11.914699091645138,0.53,0.1440678852331663,475.787,57.436482028217576,-0.3582939139102643,-1.2485443599930843,1.1127577189151112,-1.1127577189151112,0.0,NORMAL
2026-09-05 15:22:00,ROUTER-01,61.68,0.67,594.45,47.95399999999999,12.703427533981364,0.539,0.1502183595821655,494.36,63.090681650391886,1.0804872869589628,0.871483698758661,1.5864441267289058,-1.5864441267289058,1.9519709857176237,NORMAL
2026-09-05 15:27:00,ROUTER-01,32.87,0.64,597.67,46.209,13.51489914460681,0.5740000000000001,0.1242935593218328,507.436,69.9472363364779,-0.9869774949503392,0.5305740937056379,1.2900276797665915,-1.2900276797665915,0.5305740937056379,NORMAL
2026-09-05 15:28:00,ROUTER-01,39.25,0.66,636.96,43.199,10.884205120775547,0.575,0.1250111106173321,520.981,80.92535771382845,-0.36281599570948236,0.679396095043734,1.4331584062227885,-1.4331584062227885,0.679396095043734,NORMAL
2026-09-05 15:28:30,ROUTER-01,22.0,0.42,360.19,39.389,10.978696998177147,0.553,0.1314914445886163,516.373,89.08361690631502,-1.5838711657467723,-1.0107040044722302,-1.7532160244756072,1.7532160244756072,1.7532160244756072,NORMAL
2026-09-05 15:29:00,ROUTER-01,48.76,0.46,534.78,40.136,11.36958828532431,0.5229999999999999,0.1117586685675938,518.4490000000001,89.26440157071441,0.7585080420482261,-0.5632107087161541,0.18295066585973882,-0.18295066585973882,0.7585080420482261,NORMAL
2026-09-05 15:30:30,ROUTER-01,326.39,5.21,68.2,68.952,91.163777504494,0.985,1.4885283560169975,481.005,168.21607356479208,2.8239035794337437,2.8381832059846626,-2.454014921704299,2.454014921704299,8.116101707122706,ANOMALY
2026-09-05 15:34:00,ROUTER-01,44.42,0.78,453.46,68.57499999999999,91.26691383579872,1.02,1.4781068973521498,468.528,164.79586623725996,-0.26466298156153095,-0.16235886899858332,-0.09143427684574723,0.09143427684574723,0.09143427684574723,NORMAL
2026-09-05 15:36:30,ROUTER-01,33.21,0.16,415.9,69.184,90.9794259037601,0.985,1.4955656677881668,467.515,165.11694927804618,-0.39540764411164314,-0.551593860692165,-0.31259642917360864,0.31259642917360864,0.31259642917360864,NORMAL
2026-09-05 15:38:30,ROUTER-01,47.79,0.22,400.88,69.791,90.79589496961484,0.957,1.5082222795213056,460.219,166.41326198820678,-0.242312450096094,-0.48862236539653897,-0.3565759341140237,0.3565759341140237,0.3565759341140237,NORMAL
2026-09-05 15:44:00,ROUTER-01,40.97,1.23,610.12,69.734,90.81577777750589,1.0450000000000002,1.4944805860974644,467.261,171.56066199258302,-0.3167287560713808,0.12378054533884841,0.8327020604290398,-0.8327020604290398,0.12378054533884841,NORMAL
2026-09-05 15:45:30,ROUTER-01,54.53,0.33,617.32,69.01899999999999,90.9143259032615,1.011,1.5077684024927551,469.54800000000006,173.58504312168012,-0.1593696474024614,-0.45163092407413974,0.851294052835008,-0.851294052835008,0.0,NORMAL
2026-09-05 15:47:30,ROUTER-01,46.94,0.0,374.57,70.426,90.40013977373656,0.947,1.5385350174760402,447.238,169.57925625238218,-0.2598001958709766,-0.6154805975711175,-0.4285191405718595,0.4285191405718595,0.4285191405718595,NORMAL
2026-09-05 15:48:00,ROUTER-01,36.83,1.06,527.74,70.184,90.49605887060004,0.987,1.5354409428202986,436.316,159.20195114661405,-0.3685681294793153,0.04754024980012735,0.5742639579172562,-0.5742639579172562,0.04754024980012735,NORMAL
2026-09-05 15:48:30,ROUTER-01,37.6,0.62,700.92,71.744,89.70415154520131,1.007,1.528521798630588,470.389,176.60935135993722,-0.38062855897967207,-0.25316922756609445,1.3053151925044397,-1.3053151925044397,0.0,NORMAL
2026-09-05 15:49:00,ROUTER-01,46.6,0.24,352.79,71.52799999999999,89.76822201895526,0.985,1.538818089025181,452.19000000000005,178.60230644274068,-0.27769261404636986,-0.484106337636148,-0.5565434530237829,0.5565434530237829,0.5565434530237829,NORMAL
2026-09-05 15:49:30,ROUTER-01,55.51,0.66,497.42,44.44,7.37369950868949,0.53,0.4077580982232822,495.1120000000001,117.0296765592195,1.5012613221928268,0.3187383076768808,0.01972147660071828,-0.01972147660071828,1.8199996298697076,NORMAL
2026-09-05 15:54:30,ROUTER-01,45.78,0.38,504.13,44.576,7.385821552136442,0.49,0.4000555516980684,500.1790000000001,116.11928593285238,0.163012833469878,-0.2748930997788553,0.03402532633340507,-0.03402532633340507,0.163012833469878,NORMAL
2026-09-05 15:57:00,ROUTER-01,61.91,0.51,476.2,47.446,8.026801217034132,0.525,0.3829200670868256,506.209,112.7739285719688,1.8019407002674337,-0.03916243896589291,-0.266098501401404,0.266098501401404,2.068039201668838,NORMAL
2026-09-05 15:57:30,ROUTER-01,31.19,0.07,604.96,45.786,9.524524135094785,0.51,0.3988037668383358,526.617,110.0274348666427,-1.5324489232303704,-1.1030229257732713,0.7120308575026659,-0.7120308575026659,0.0,NORMAL
2026-09-05 15:59:30,ROUTER-01,49.47,0.17,522.96,46.636,9.42574512232927,0.404,0.3190680874742039,517.9010000000001,106.05829837614976,0.3006626953042564,-0.7331560052002773,0.04770013575028329,-0.04770013575028329,0.3006626953042564,NORMAL
2026-09-05 16:03:00,ROUTER-01,34.76,0.48,653.63,44.659,9.656551546891928,0.419,0.3187283761728464,521.532,110.37393319479403,-1.025096530814149,0.19132550475033652,1.1968213553170273,-1.1968213553170273,0.19132550475033652,NORMAL
2026-09-05 16:18:00,ROUTER-01,63.25,0.44,485.67,46.29,11.318920246894512,0.4629999999999999,0.2828053904876822,532.642,98.93633124388616,1.498362899797193,-0.08129926390003282,-0.474769500066263,0.474769500066263,1.973132399863456,NORMAL
2026-09-05 16:18:30,ROUTER-01,48.83,0.5,531.67,47.49,10.830110289784296,0.407,0.1924722202177689,533.0350000000001,98.92250022113254,0.12372797610993433,0.48293570014839965,-0.01379866680565198,0.01379866680565198,0.620462343063986,NORMAL
2026-09-05 08:02:30,ROUTER-02,290.25,7.39,114.1,0.0,0.0,0.0,0.0,0.0,0.0,2902500.0,73900.0,1141000.0,-1141000.0,2976400.0,ANOMALY
2026-09-05 08:06:30,ROUTER-02,66.41,0.76,461.64,0.0,0.0,0.0,0.0,0.0,0.0,664099.9999999999,7600.0,4616400.0,-4616400.0,671699.9999999999,ANOMALY
2026-09-05 08:07:30,ROUTER-02,72.94,0.25,537.05,143.20000000000002,127.39088311178315,2.8000000000000003,3.983227334712393,370.93,225.59455600701003,-0.551530401004506,-0.6401683280653903,0.7363649606790242,-0.7363649606790242,0.0,NORMAL
2026-09-05 08:10:00,ROUTER-02,62.35,0.21,515.25,122.9875,111.59363194943816,2.1525,3.5006320857810804,407.01,197.82736935688817,-0.543377293157237,-0.554883936388577,0.5471434293320054,-0.5471434293320054,0.0,NORMAL
2026-09-05 08:13:30,ROUTER-02,27.45,0.64,447.83,103.88,105.66615730686904,1.85,3.1061793251517207,415.174,172.29337053409802,-0.7233151050106467,-0.3895335458735346,0.18953707240772752,-0.18953707240772752,0.0,NORMAL
2026-09-05 08:19:30,ROUTER-02,50.89,0.41,568.36,95.04833333333332,96.954935184686,1.61,2.8397675961247253,440.705,166.3099401418929,-0.45545167663770914,-0.42255491123512817,0.7675724201081724,-0.7675724201081724,0.0,NORMAL
2026-09-05 08:21:30,ROUTER-02,47.83,0.84,544.26,88.30285714285715,90.2887572761758,1.5,2.6086267140649566,455.4985714285714,156.78364640788394,-0.4482597118164722,-0.2529969875501364,0.5661392242822768,-0.5661392242822768,0.0,NORMAL
2026-09-05 08:22:00,ROUTER-02,41.4,0.9,405.95,82.44,85.22009437752509,1.425,2.4244174558025278,449.305,146.20672693142404,-0.48157599615641544,-0.2165379336591422,-0.2965319808242264,0.2965319808242264,0.2965319808242264,NORMAL
2026-09-05 08:23:00,ROUTER-02,49.51,0.0,547.78,78.7811111111111,80.46827720357327,1.2666666666666666,2.31704553256944,460.2466666666666,140.64791768810514,-0.3637591825302933,-0.5466495948841346,0.6223573909690177,-0.6223573909690177,0.0,NORMAL
2026-09-05 08:24:00,ROUTER-02,39.31,0.89,537.06,74.834,76.88615020491878,1.229,2.187776395236852,467.928,134.81054746074827,-0.46203319716231084,-0.15494476778396846,0.5128081594603168,-0.5128081594603168,0.0,NORMAL
2026-09-05 08:28:30,ROUTER-02,44.43,0.22,456.89,50.252,13.666356744453337,0.512,0.3327595060834309,502.207,54.50997748628731,-0.426006543529501,-0.8772469905871053,-0.8313508637260708,0.8313508637260708,0.8313508637260708,NORMAL
2026-09-05 08:29:30,ROUTER-02,193.79,7.83,94.3,62.99,47.61002905551167,1.219,2.3449636339279216,465.47300000000007,140.62977810549228,2.7473145440856075,2.8191132659913127,-2.6393608883139885,2.6393608883139885,8.205788698390908,ANOMALY
2026-09-05 08:30:00,ROUTER-02,33.34,0.87,527.97,59.03,48.33188250696082,1.281,2.324604864870109,464.565,140.14475605601515,-0.531532096708429,-0.17679663608522803,0.4524247395470397,-0.4524247395470397,0.0,NORMAL
2026-09-05 08:31:30,ROUTER-02,69.07,0.37,478.92,59.702,48.42979014339554,1.297,2.316952260573743,460.932,139.1522282969267,0.19343426078940884,-0.4000772946616484,0.1292684083705503,-0.1292684083705503,0.19343426078940884,NORMAL
2026-09-05 08:32:00,ROUTER-02,60.83,0.62,554.33,63.04,47.09170674805112,1.2950000000000002,2.31759094272,471.582,142.08267654198147,-0.046929607348128795,-0.29123814032246786,0.5823928980973309,-0.5823928980973309,0.0,NORMAL
2026-09-05 08:33:00,ROUTER-02,42.13,0.23,473.64,62.164,47.42314418556031,1.277,2.3259122463622264,462.11,138.01306258628,-0.422451064748119,-0.45012660687296835,0.08354275624103537,-0.08354275624103537,0.0,NORMAL
2026-09-05 08:33:30,ROUTER-02,57.34,0.6,558.55,63.115,47.19858148762994,1.253,2.3321523201635963,463.539,139.02840624610974,-0.1223551128544457,-0.2799868583490979,0.6833922234035262,-0.6833922234035262,0.0,NORMAL
2026-09-05 08:36:30,ROUTER-02,56.66,0.42,549.0,64.64099999999999,46.66213536334,1.205,2.3451285205245744,477.8440000000001,139.80177992826523,-0.17103766970988782,-0.3347221787258554,0.508977418876708,-0.508977418876708,0.0,NORMAL
2026-09-05 08:37:30,ROUTER-02,67.39,0.36,480.47,66.429,46.35950614491055,1.241,2.3272704565172004,471.113,137.66449845346634,0.020729252897363087,-0.37853879150737985,0.06796954413202243,-0.06796954413202243,0.020729252897363087,NORMAL
2026-09-05 08:48:30,ROUTER-02,55.99,0.75,388.06,68.097,45.568683947055845,1.227,2.3300360035368075,456.213,137.7970815728693,-0.2656862648357377,-0.20470908104762273,-0.49458921599176286,0.49458921599176286,0.49458921599176286,NORMAL
2026-09-05 08:49:00,ROUTER-02,49.44,0.34,529.41,68.598,45.30635393260712,1.239,2.324576185984113,463.465,139.73138860367453,-0.42285366293502746,-0.38672052710834787,0.47194086786724343,-0.47194086786724343,0.0,NORMAL
2026-09-05 08:51:30,ROUTER-02,49.15,0.37,509.88,54.134,10.99043139381802,0.493,0.2059153008183476,505.023,51.98785115560917,-0.4534812577673373,-0.5970430327816005,0.09342549363913394,-0.09342549363913394,0.0,NORMAL
2026-09-05 08:58:00,ROUTER-02,56.12,0.49,545.03,56.412,8.210881398079735,0.4549999999999999,0.1581314502417371,506.729,53.092708109913175,-0.03556213147289437,0.2211949643798945,0.7213971414114871,-0.7213971414114871,0.2211949643798945,NORMAL
2026-09-05 08:59:30,ROUTER-02,57.09,0.02,457.52,55.214,6.933412179038756,0.42,0.2094437076320653,504.58900000000006,54.743756711508986,0.27056994371070514,-1.9089096232961291,-0.8598042379082984,0.8598042379082984,1.1303741816190036,NORMAL
2026-09-05 09:00:00,ROUTER-02,53.84,0.18,473.19,54.515,6.650916812323166,0.376,0.2089763410319706,496.4749999999999,52.52012339200192,-0.10148824142939178,-0.9374566200679252,-0.44335302662756537,0.44335302662756537,0.44335302662756537,NORMAL
2026-09-05 09:08:30,ROUTER-02,65.8,0.0,487.93,56.882000000000005,5.925916337955081,0.353,0.2375359621895865,497.904,52.021821959635325,1.504889539855263,-1.4854654015639932,-0.19172686483477064,0.19172686483477064,1.6966164046900336,NORMAL
2026-09-05 09:09:00,ROUTER-02,35.76,0.65,494.08,54.724,8.915703000885488,0.358,0.2437576209634832,491.457,47.46633568470743,-2.127009759874299,1.1974200307798706,0.05526010036698541,-0.05526010036698541,1.1974200307798706,NORMAL
2026-09-05 09:14:00,ROUTER-02,67.24,0.43,520.25,55.782,9.758849886698206,0.359,0.2440605571483334,488.582,44.36297375064026,1.1741017356403949,0.290792259115242,0.7138369216254535,-0.7138369216254535,1.464893994755637,NORMAL
2026-09-05 09:22:30,ROUTER-02,29.97,0.48,448.02,52.040000000000006,11.778532260949182,0.371,0.247047004074572,485.3369999999999,46.17218018821864,-1.8737319844147586,0.44103306211679294,-0.8082121967526683,0.8082121967526683,1.2492452588694611,NORMAL
2026-09-05 09:26:00,ROUTER-02,48.95,0.6,463.51,51.336,11.726483985690898,0.356,0.2250530801586334,492.882,32.71283295589052,-0.20346931407402694,1.0837071375087912,-0.8978711887315223,0.8978711887315223,1.9815783262403135,NORMAL
2026-09-05 09:27:30,ROUTER-02,53.12,0.53,455.41,51.70400000000001,11.71811247599196,0.375,0.2314807407395542,485.482,31.89117077395136,0.12083754266284745,0.6693129985896357,-0.942953957938944,0.942953957938944,1.733104499191427,NORMAL
2026-09-05 09:31:30,ROUTER-02,50.45,0.51,524.09,51.834,11.693816219599835,0.3889999999999999,0.2353460808634322,486.903,33.38087245048506,-0.1183521391815958,0.5139180892553687,1.1140178751580871,-1.1140178751580871,0.5139180892553687,NORMAL
2026-09-05 09:32:00,ROUTER-02,64.07,1.07,514.71,52.629,12.27344780862776,0.447,0.3194457004806216,483.871,28.54060399968199,0.9321673063396942,1.9496428806989408,1.0805269554788723,-1.0805269554788723,2.881810187038635,NORMAL
2026-09-05 09:35:00,ROUTER-02,53.33,0.58,493.55,52.253,12.178828670187302,0.5029999999999999,0.2833156857249123,487.474,27.081331084962024,0.08843142358131857,0.2716857389281463,0.22436037375343684,-0.22436037375343684,0.36011716250946485,NORMAL
2026-09-05 09:36:30,ROUTER-02,36.58,0.77,456.04,50.527,13.11592928888798,0.562,0.2696829414124824,485.759,28.58756118392125,-1.0633553564733216,0.7709901853356255,-1.0395743747206243,1.0395743747206243,1.8105645600562497,NORMAL
2026-09-05 09:40:00,ROUTER-02,54.01,0.0,538.57,49.348,12.079435049335276,0.562,0.2696829414124824,490.823,33.137902786855854,0.38594200695303615,-2.083156173839527,1.4408532797558593,-1.4408532797558593,0.38594200695303615,NORMAL
2026-09-05 09:46:30,ROUTER-02,45.77,0.51,470.68,50.349,11.21191375278986,0.548,0.2682370427646238,488.483,33.703711978224426,-0.408401211500531,-0.14161294917948528,-0.5282191821952446,0.5282191821952446,0.5282191821952446,NORMAL
2026-09-05 09:50:00,ROUTER-02,73.26,0.16,652.33,50.951,12.325885544026558,0.521,0.2938045457631835,501.691,61.74827599032849,1.8099161255962557,-1.2282899506116498,2.439562135587085,-2.439562135587085,1.8099161255962557,NORMAL
2026-09-05 09:53:00,ROUTER-02,33.16,0.34,618.15,51.27,11.750398574800135,0.507,0.2992601989350841,518.704,68.39700045404851,-1.5412111992284583,-0.5578563903754411,1.4539505233385035,-1.4539505233385035,0.0,NORMAL
2026-09-05 09:53:30,ROUTER-02,55.74,0.53,406.58,51.949,11.79752747165451,0.5,0.2976575213227434,513.0110000000001,75.50177208369203,0.32133579476962,0.1007531224290473,-1.409647165861316,1.409647165861316,1.8317360830599834,NORMAL
2026-09-05 09:55:00,ROUTER-02,214.18,7.25,163.22,68.05499999999999,52.67945904767392,1.1720000000000002,2.156209637303386,483.792,134.08249001599307,2.77384630094872,2.8187046493011816,-2.3908547706436973,2.3908547706436973,7.9834057208935985,ANOMALY
2026-09-05 09:57:30,ROUTER-02,41.67,1.03,566.67,67.17699999999999,53.07714721673223,1.224,2.144710288645584,488.05,136.16434335023246,-0.48056373187264856,-0.09045089023817955,0.577390088525381,-0.577390088525381,0.0,NORMAL
2026-09-05 10:09:00,ROUTER-02,49.5,0.89,497.52,65.72,53.37107664477288,1.206,2.14690060837064,486.331,135.8986269614229,-0.3039093574413179,-0.14718207287319424,0.08233336875316093,-0.08233336875316093,0.0,NORMAL
2026-09-05 10:09:30,ROUTER-02,76.92,0.92,427.23,68.079,53.28385777033123,1.24,2.138561302475205,479.699,137.1199439622924,0.16592235956096188,-0.14962631045394806,-0.3826501106900812,0.3826501106900812,0.548572470251043,NORMAL
2026-09-05 10:10:00,ROUTER-02,42.24,0.33,425.08,68.64500000000001,52.94104567031771,1.1960000000000002,2.1537780758471845,476.603,138.05978817969486,-0.4987614012819595,-0.4020654695876304,-0.37319311698224134,0.37319311698224134,0.37319311698224134,NORMAL
2026-09-05 10:20:00,ROUTER-02,351.26,8.83,60.67,98.37,103.30434410571084,2.079,3.176292212977613,428.81299999999993,187.9320374822297,2.448006977717426,2.125367255472358,-1.9589145578403822,1.9589145578403822,6.532288791030166,ANOMALY
2026-09-05 10:36:00,ROUTER-02,73.48,0.83,626.25,101.141,102.10128701441523,2.111,3.160300442820096,444.37,197.95464609629929,-0.27091698564383526,-0.40532838264537613,0.9187958540358543,-0.9187958540358543,0.0,NORMAL
2026-09-05 10:37:00,ROUTER-02,41.67,0.13,569.53,97.982,103.53835154183209,2.108,3.1623718243678365,436.09,189.85563439390225,-0.5438752382466195,-0.625460117860621,0.7028494579107419,-0.7028494579107419,0.0,NORMAL
2026-09-05 10:37:30,ROUTER-02,78.22,0.65,463.56,102.488,101.36146361742549,2.139,3.144584233249286,420.631,179.3895226997508,-0.2394201424476446,-0.47349746097129475,0.23930592725450703,-0.23930592725450703,0.0,NORMAL
2026-09-05 10:38:30,ROUTER-02,17.02,0.47,576.42,98.616,104.0495589397454,2.133,3.148050719625295,437.615,185.83553871636065,-0.7842024743901546,-0.5282466273399822,0.7469234693559336,-0.7469234693559336,0.0,NORMAL
2026-09-05 10:39:00,ROUTER-02,56.6,1.29,570.08,82.858,96.24272380000706,1.537,2.585575586037104,478.301,162.10918175723415,-0.2728307313027746,-0.09552629159428334,0.5661551208242547,-0.5661551208242547,0.0,NORMAL
2026-09-05 10:40:00,ROUTER-02,34.68,0.58,451.68,82.15899999999999,96.59982705873638,1.492,2.599259723673476,466.802,159.19652730718295,-0.4915014063222944,-0.3508556325213581,-0.09498944956177291,0.09498944956177291,0.09498944956177291,NORMAL
2026-09-05 10:40:30,ROUTER-02,60.63,0.64,481.64,83.272,96.24519564344207,1.467,2.606884262017698,465.21400000000006,158.93505383576576,-0.2352530567715366,-0.3172247765546295,0.10335032624043383,-0.10335032624043383,0.0,NORMAL
2026-09-05 10:41:00,ROUTER-02,53.66,0.83,368.84,80.946,96.69577667440636,1.458,2.60913693691143,459.375,161.53685043976802,-0.28218369736568205,-0.24068339333850128,-0.5604600046833101,0.5604600046833101,0.5604600046833101,NORMAL
2026-09-05 10:44:00,ROUTER-02,272.49,6.99,93.75,103.971,112.56608048904728,2.124,3.094142135642052,426.242,198.99048641692505,1.4970659861413433,1.5725983251114604,-1.6708931110106024,1.6708931110106024,4.7405574222634055,WARNING
2026-09-05 10:44:30,ROUTER-02,33.95,0.39,408.18,72.24000000000001,72.81836581522549,1.28,2.0296797776989366,460.993,153.10923907459008,-0.5258281614605785,-0.4384712123839119,-0.3449365030193955,0.3449365030193955,0.3449365030193955,NORMAL
2026-09-05 10:45:30,ROUTER-02,39.62,0.49,260.71,68.85400000000001,73.53797691593704,1.246,2.040872362496,424.439,152.9064371473977,-0.39753555200278123,-0.3704116792034618,-1.0707782875376335,1.0707782875376335,1.0707782875376335,NORMAL
2026-09-05 10:47:30,ROUTER-02,55.28,0.88,562.19,70.215,73.10363028681347,1.3210000000000002,2.0088329945518133,423.705,152.14830442331214,-0.20429874017925448,-0.21951951667675498,0.9101968602621864,-0.9101968602621864,0.0,NORMAL
2026-09-05 10:52:00,ROUTER-02,59.64,0.48,434.04,68.357,73.11368302551551,1.304,2.015849421184255,420.753,151.57440674100908,-0.11922512608816738,-0.40874041349507034,0.08765985973289783,-0.08765985973289783,0.0,NORMAL
2026-09-05 10:52:30,ROUTER-02,69.94,0.59,451.31,73.649,70.86564869917974,1.316,2.010683686930616,408.242,142.16948850657863,-0.052338401386887966,-0.3610532573537092,0.3029339850555106,-0.3029339850555106,0.0,NORMAL
2026-09-05 10:54:00,ROUTER-02,48.65,0.67,597.85,72.85400000000001,71.1222912704277,1.254,2.021106407666632,411.01900000000006,145.9040816160473,-0.3403147668076777,-0.2889363489967334,1.2805047664202882,-1.2805047664202882,0.0,NORMAL
2026-09-05 10:55:00,ROUTER-02,39.85,0.44,528.2,73.37100000000001,70.83216445310076,1.24,2.026770830656492,418.671,150.2163432778796,-0.4732447883576393,-0.39469708079073024,0.7291412152355824,-0.7291412152355824,0.0,NORMAL
2026-09-05 10:55:30,ROUTER-02,77.01,0.45,454.37,75.009,70.69405011110278,1.221,2.0338985553201367,415.9440000000001,149.19022400203627,0.02830502943815347,-0.37905631642823373,0.25756362054335014,-0.25756362054335014,0.02830502943815347,NORMAL
2026-09-05 10:57:00,ROUTER-02,51.92,0.68,347.02,74.83500000000001,70.75455058,1.206,2.037652243800858,413.762,150.11241201179865,-0.32386563727130213,-0.25812755284660793,-0.44461317118425264,0.44461317118425264,0.44461317118425264,NORMAL
2026-09-05 11:05:00,ROUTER-02,319.85,20.38,114.23,79.571,85.50270436918615,2.545,6.268321146846259,415.81,145.32470234310162,2.810188528583429,2.8452140630297422,-2.0752135570636514,2.0752135570636514,7.730616148676823,ANOMALY
2026-09-05 11:06:00,ROUTER-02,46.69,0.31,409.58,80.845,84.83976128234004,2.537,6.271427358354007,415.95,145.3172093502119,-0.40258198780329196,-0.3550969122431584,-0.04383510834657988,0.04383510834657988,0.04383510834657988,NORMAL
2026-09-05 11:08:30,ROUTER-02,39.77,0.71,483.02,80.86,84.83167555682121,2.559,6.263829943058444,438.181,135.6099700079442,-0.48437038751449313,-0.2951821008229863,0.3306465367754273,-0.3306465367754273,0.0,NORMAL
2026-09-05 11:09:00,ROUTER-02,34.98,0.61,423.85,78.83,85.74973119491395,2.532,6.272447333820792,424.347,128.41941944269945,-0.5113712690620534,-0.3064145868835164,-0.003870128171766892,0.003870128171766892,0.003870128171766892,NORMAL
2026-09-05 11:10:00,ROUTER-02,273.04,19.72,140.96,100.17,104.866295612821,4.456,8.221186991885999,395.039,156.36445123492732,1.6484785139202862,1.856643614930948,-1.6249143299638498,1.6249143299638498,5.130036458815084,WARNING
2026-09-05 11:13:00,ROUTER-02,50.89,0.26,466.91,98.265,105.64659896192695,4.423,8.239072291357942,396.5990000000001,157.06447851121516,-0.4484285875990601,-0.5052692009325458,0.44765663058128274,-0.44765663058128274,0.0,NORMAL
2026-09-05 11:13:30,ROUTER-02,40.3,0.41,651.02,97.43,106.1142757177898,4.397,8.252630624365919,401.91600000000005,165.31741490572333,-0.5383813419581972,-0.48311282428491154,1.5068215859768885,-1.5068215859768885,0.0,NORMAL
2026-09-05 11:14:30,ROUTER-02,55.9,0.56,393.16,99.035,105.26457663641862,4.409,8.246322345277454,388.412,159.26011838080063,-0.409776587724552,-0.46674786214463515,0.0298128437112104,-0.0298128437112104,0.0,NORMAL
2026-09-05 11:19:30,ROUTER-02,52.97,0.44,583.07,96.631,106.09470155897934,4.408,8.246856370763348,401.282,170.01927275066976,-0.41152817441039596,-0.4811472040845437,1.0692193310616949,-1.0692193310616949,0.0,NORMAL
2026-09-05 11:25:00,ROUTER-02,50.57,1.04,515.23,96.496,106.15875493283109,4.444,8.229541907056554,418.10300000000007,172.3592177885089,-0.4326158192744103,-0.41362674566450097,0.5635146462994144,-0.5635146462994144,0.0,NORMAL
2026-09-05 11:25:30,ROUTER-02,51.8,0.87,535.94,69.691,71.76564799555716,2.4929999999999994,6.057883843939787,460.274,137.8937294682635,-0.24929719956528,-0.2679109158773338,0.5487265114891505,-0.5487265114891505,0.0,NORMAL
2026-09-05 11:28:00,ROUTER-02,55.99,0.64,536.28,70.62100000000001,71.49420838237332,2.526,6.045557046294412,472.9440000000001,138.53754687207837,-0.20464566104687615,-0.31195947529904844,0.45717537023335264,-0.45717537023335264,0.0,NORMAL
2026-09-05 11:28:30,ROUTER-02,59.71,0.65,421.42,72.615,70.81297891865113,2.52,6.04758905129419,466.784,139.4065229782626,-0.18224034595113484,-0.309209019203761,-0.32540778214729077,0.32540778214729077,0.32540778214729077,NORMAL
2026-09-05 11:30:00,ROUTER-02,31.61,0.62,472.6,72.278,71.01970224287527,2.521,6.047238947560193,471.659,138.5882988046088,-0.5726290233943848,-0.31435314218115074,0.006789890121515263,-0.006789890121515263,0.0,NORMAL
2026-09-05 11:31:00,ROUTER-02,348.0,17.4,115.46,79.774,94.6041597863904,2.289,5.314160224239472,469.109,145.4156200879243,2.8352423094439403,2.843481380733957,-2.4319860314013457,2.4319860314013457,8.110709721579243,ANOMALY
2026-09-05 11:31:30,ROUTER-02,65.71,0.0,483.47,81.256,94.2166951707015,2.2629999999999995,5.32581355287622,470.765,145.48207314152327,-0.1650024284081606,-0.42490362968394096,0.08733028745481257,-0.08733028745481257,0.0,NORMAL
2026-09-05 11:32:30,ROUTER-02,43.12,0.38,512.56,81.538,94.08461685572668,2.26,5.3269816344092416,456.919,132.42320302306865,-0.40833411933323577,-0.35291368314247484,0.4201752918842923,-0.4201752918842923,0.0,NORMAL
2026-09-05 11:35:00,ROUTER-02,59.78,0.5,592.73,81.926,93.97507603378436,2.254,5.329142520143369,476.876,136.7153333837218,-0.23565797835843846,-0.329127449796151,0.8474098141855749,-0.8474098141855749,0.0,NORMAL
2026-09-05 11:38:00,ROUTER-02,453.34,10.33,111.43,121.963,149.2805449890314,3.2429999999999994,5.847580791328251,429.7120000000001,172.6425098159648,2.2198256178779796,1.2119334575357779,-1.843588905075551,1.843588905075551,5.275347980489308,WARNING
2026-09-05 11:44:30,ROUTER-02,33.2,0.33,525.73,120.226,150.30113034246358,3.172,5.881513032847549,430.762,173.2512718439767,-0.5790105629987856,-0.48320077912777315,0.5481515037325327,-0.5481515037325327,0.0,NORMAL
2026-09-05 11:47:30,ROUTER-02,57.16,0.87,636.2,120.762,150.03932742229065,3.172,5.881513032847549,440.788,182.6597268024769,-0.4239019109356515,-0.3913892306657754,1.0698137812826953,-1.0698137812826953,0.0,NORMAL
2026-09-05 11:49:00,ROUTER-02,64.94,0.31,441.36,121.657,149.63617781880902,3.139,5.898200196293406,431.296,179.58650241287302,-0.37903241664883736,-0.47962970785681486,0.05603981513533339,-0.05603981513533339,0.0,NORMAL
2026-09-05 11:50:30,ROUTER-02,43.58,0.86,544.24,120.044,150.46278271460432,3.16,5.8887199137182815,443.5780000000001,183.00338283454997,-0.5081917787328037,-0.3905706123975778,0.5500551051862033,-0.5500551051862033,0.0,NORMAL
2026-09-05 11:51:30,ROUTER-02,62.75,0.36,480.12,123.158,148.74157341584842,3.134,5.901740232997196,444.33,183.1512821564608,-0.4061269354628864,-0.4700228895541026,0.19541212072003739,-0.19541212072003739,0.0,NORMAL
2026-09-05 11:52:00,ROUTER-02,417.56,10.05,61.23,130.11399999999998,161.50378538391396,2.399,4.114809162579046,438.907,194.426670898482,1.7798085743677723,1.8593363055442726,-1.942515417268336,1.942515417268336,5.581660297180381,WARNING
2026-09-05 11:52:30,ROUTER-02,44.76,0.68,511.23,128.019,162.56444673831157,2.467,4.076196620489364,441.683,195.3297118008988,-0.5121596416346933,-0.4383881170515674,0.35604908108389427,-0.35604908108389427,0.0,NORMAL
2026-09-05 11:53:00,ROUTER-02,45.18,0.07,342.63,128.225,162.44617209333614,2.4360000000000004,4.094967643339814,424.69000000000005,195.86945595926315,-0.5112151785932344,-0.5777682339015925,-0.41895229505225845,0.41895229505225845,0.41895229505225845,NORMAL
2026-09-05 11:55:00,ROUTER-02,65.45,0.35,495.47,128.792,162.19042209014003,2.4210000000000003,4.10311385819762,414.96400000000006,188.8885650441667,-0.3905406998122655,-0.5047263124885498,0.4262087403771726,-0.4262087403771726,0.0,NORMAL
2026-09-05 11:56:00,ROUTER-02,46.11,0.36,343.91,88.06899999999999,116.27213227310034,1.4240000000000002,3.0418422780355447,438.2120000000001,159.38112838239164,-0.3608686199594641,-0.3497765252426553,-0.5916757008155831,0.5916757008155831,0.5916757008155831,NORMAL
2026-09-05 12:01:00,ROUTER-02,63.74,0.03,489.64,91.123,115.06563470471976,1.394,3.0552803108352937,434.603,157.57759528068829,-0.23797701435853091,-0.446425603766198,0.3492689742794135,-0.3492689742794135,0.0,NORMAL
2026-09-05 12:04:30,ROUTER-02,34.4,0.99,528.91,88.84700000000001,116.03309595398493,1.406,3.0532285280411737,423.874,145.517327047713,-0.46923640732598587,-0.13624475590475674,0.7218104534349704,-0.7218104534349704,0.0,NORMAL
2026-09-05 12:18:00,ROUTER-02,74.21,0.7,361.5,89.774,115.85777585758616,1.445,3.040136144612245,415.888,146.6381131144892,-0.1343370045825064,-0.24504675445039095,-0.3708992277308782,0.3708992277308782,0.3708992277308782,NORMAL
2026-09-05 12:25:00,ROUTER-02,33.56,0.02,443.39,88.772,116.3439852620954,1.3610000000000002,3.069558238212432,405.803,140.1545487468901,-0.47455785892012103,-0.4368564497854037,0.26818232813582654,-0.26818232813582654,0.0,NORMAL
2026-09-05 12:25:30,ROUTER-02,28.4,0.25,443.03,85.337,117.69685533890303,1.35,3.0737382235100466,402.094,138.4497277554402,-0.4837593278097339,-0.357858781111746,0.29567389619516127,-0.29567389619516127,0.0,NORMAL
2026-09-05 12:26:00,ROUTER-02,73.92,0.47,491.15,50.973,17.06956033411505,0.392,0.3227589399743442,445.08600000000007,71.31660866243621,1.3443149746886662,0.24159157558467542,0.6459075420605135,-0.6459075420605135,1.5859065502733416,NORMAL
2026-09-05 12:29:00,ROUTER-02,74.63,0.12,416.92,53.96,18.421483834552017,0.3359999999999999,0.3157425111279163,435.6549999999999,67.74411434049262,1.1220533579328174,-0.6838851401878573,-0.27655498233155335,0.27655498233155335,1.3986083402643708,NORMAL
2026-09-05 12:30:30,ROUTER-02,83.79,0.4,508.75,57.821000000000005,20.324661784803755,0.369,0.3017891095892886,452.267,62.56821007686079,1.2777025519391958,0.10268671182665261,0.9027413387162702,-0.9027413387162702,1.3803892637658484,NORMAL
2026-09-05 12:31:00,ROUTER-02,64.73,0.88,606.29,57.749,20.29588817141694,0.422,0.3419486641133692,463.349,78.78346293621641,0.3439596013280802,1.3389907579004598,1.8143505405528024,-1.8143505405528024,1.68295035922854,NORMAL
2026-09-05 12:33:30,ROUTER-02,25.32,0.84,444.43,55.67,22.559203591143497,0.47,0.3651787994333522,473.401,67.44819665656145,-1.3453429480826278,1.012924923576106,-0.4295290086792973,0.4295290086792973,1.4424539322554033,NORMAL
2026-09-05 12:34:30,ROUTER-02,86.6,0.2,359.85,57.956,24.539177383658608,0.487,0.3458660627083297,460.4219999999999,75.93046026171261,1.167271535838901,-0.8295611360064479,-1.3245259833900176,1.3245259833900176,2.4917975192289186,NORMAL
2026-09-05 12:35:30,ROUTER-02,58.46,0.12,512.64,60.362,23.11089584301445,0.4,0.3131559781749274,458.795,74.45994840628504,-0.08229848739187504,-0.8938376902854934,0.7231394707964628,-0.7231394707964628,0.0,NORMAL
2026-09-05 12:36:00,ROUTER-02,58.92,0.43,492.27,58.83299999999999,22.592907958029567,0.3729999999999999,0.2955616123022332,471.872,66.53548306480258,0.00385074887600748,0.1927879630911746,0.3065728000028685,-0.3065728000028685,0.19663871196718208,NORMAL
2026-09-05 12:45:00,ROUTER-02,35.26,0.07,404.26,59.003,22.38707020184236,0.378,0.2892826376478087,467.959,69.48203372095526,-1.0605628038708557,-1.0643347593467216,-0.9167680465286129,0.9167680465286129,0.9167680465286129,NORMAL
2026-09-05 12:45:30,ROUTER-02,210.37,12.68,133.4,77.2,50.74417886702759,1.621,3.896230229337074,436.996,127.00436249725162,2.6243352546001133,2.8383117829008015,-2.3904356904511905,2.3904356904511905,7.853082727952105,ANOMALY
2026-09-05 12:48:00,ROUTER-02,40.98,1.11,682.53,73.90599999999999,52.03350506057504,1.685,3.880447425519672,456.134,148.6467220702232,-0.6327833707018592,-0.14817497042263245,1.5230463513915338,-1.5230463513915338,0.0,NORMAL
2026-09-05 12:49:00,ROUTER-02,26.11,0.56,377.2,69.054,54.17654806279187,1.729,3.863186508570357,452.162,150.33211476224517,-0.7926662415553469,-0.30259210581629853,-0.4986422911320411,0.4986422911320411,0.4986422911320411,NORMAL
2026-09-05 12:56:30,ROUTER-02,76.24,0.5,536.1,68.299,54.00069329801854,1.739,3.8594917627411376,454.8970000000001,151.71841110352344,0.1470533952376468,-0.3210184071695822,0.5352214400824956,-0.5352214400824956,0.1470533952376468,NORMAL
2026-09-05 13:04:00,ROUTER-02,47.22,0.31,522.7,66.548,54.41160043797848,1.682,3.877753645260792,446.538,144.58560092746276,-0.3552177168590999,-0.3538039661906143,0.5267602502284079,-0.5267602502284079,0.0,NORMAL
2026-09-05 13:08:30,ROUTER-02,88.7,0.77,652.91,72.886,52.74136163076059,1.675,3.879505266282176,467.3860000000001,158.59926146668445,0.29984000274229694,-0.23327115463663164,1.1697651130768976,-1.1697651130768976,0.29984000274229694,NORMAL
2026-09-05 13:10:30,ROUTER-02,41.7,0.21,399.61,68.396,53.35182267010397,1.6760000000000002,3.879084084334001,471.362,156.08225778593646,-0.5003755940544433,-0.37791452226266053,-0.45970602326757715,0.45970602326757715,0.45970602326757715,NORMAL
2026-09-05 13:12:00,ROUTER-02,44.31,0.53,501.0,66.981,53.83012569391065,1.717,3.862943753725191,470.198,155.7833358510751,-0.4211574391107293,-0.3072706590121735,0.1977232035724641,-0.1977232035724641,0.0,NORMAL
2026-09-05 13:12:30,ROUTER-02,46.95,0.68,729.47,65.784,54.161358755317615,1.7420000000000002,3.8544888694150448,493.918,176.23357050611358,-0.34773804902643735,-0.2755157647101193,1.3365890826851312,-1.3365890826851312,0.0,NORMAL
2026-09-05 13:13:30,ROUTER-02,34.78,0.03,584.7,65.736,54.19162034443658,1.738,3.856437043005719,511.962,175.26849167301378,-0.5712311733830757,-0.44288437553002574,0.41500875488120653,-0.41500875488120653,0.0,NORMAL
2026-09-05 13:22:30,ROUTER-02,51.14,0.62,503.68,49.813,18.824379612028967,0.5320000000000003,0.3031611232771958,548.99,115.23891771253116,0.07049331654044962,0.2901789687020428,-0.39318280300711866,0.39318280300711866,0.7538550882496111,NORMAL
2026-09-05 13:24:30,ROUTER-02,28.79,0.86,655.3,48.594,19.82787162893,0.5070000000000002,0.256993298658895,546.267,112.00933027108834,-0.9987910196071179,1.3730424007214261,0.9734269671412058,-0.9734269671412058,1.3730424007214261,NORMAL
2026-09-05 13:25:00,ROUTER-02,349.81,8.86,102.01,80.96400000000001,96.19752817337184,1.3370000000000002,2.6557110368244383,518.7479999999999,174.5223604139149,2.7947258690772836,2.832656350805468,-2.3878760304640587,2.3878760304640587,8.01525825034681,ANOMALY
2026-09-05 13:25:30,ROUTER-02,36.44,0.6,469.76,76.98400000000001,97.2324512815666,1.347,2.652395353470356,512.114,175.04955528205264,-0.41697969934566925,-0.2816216054903443,-0.24195420397575887,0.24195420397575887,0.24195420397575887,NORMAL
2026-09-05 13:28:30,ROUTER-02,45.25,0.51,557.69,76.787,97.30142696795356,1.367,2.644449323058063,515.613,175.63339330991565,-0.3241161879236158,-0.3240627779288289,0.2395727557827063,-0.2395727557827063,0.0,NORMAL
2026-09-05 13:30:30,ROUTER-02,55.9,0.16,510.74,73.507,97.4080035554916,1.306,2.666692499874876,501.396,168.91018278626322,-0.18075498195044545,-0.42972972214889965,0.055319308249716,-0.055319308249716,0.0,NORMAL
2026-09-05 13:34:00,ROUTER-02,38.21,0.36,375.08,73.158,97.54078768506136,1.3210000000000002,2.66025667099165,498.943,170.72102604671872,-0.35829077251008423,-0.36122975933215246,-0.7255282510619351,0.7255282510619351,0.7255282510619351,NORMAL
2026-09-05 13:41:00,ROUTER-02,54.01,0.7,407.73,74.128,97.26988637577178,1.338,2.655178587841758,489.616,173.1270148506901,-0.2068263885869222,-0.24027610621399015,-0.47298194780535013,0.47298194780535013,0.47298194780535013,NORMAL
2026-09-05 13:41:30,ROUTER-02,54.83,0.05,590.99,74.91600000000001,97.05693451669372,1.275,2.679884947779168,475.768,156.5551890477532,-0.20695048123013937,-0.4570921194968369,0.7359828000755343,-0.7359828000755343,0.0,NORMAL
2026-09-05 13:47:30,ROUTER-02,62.27,1.04,535.96,77.665,96.17916709627576,1.376,2.646575145352956,470.89400000000006,153.5162251432147,-0.160065682186885,-0.1269517343637545,0.42383765986646815,-0.42383765986646815,0.0,NORMAL
2026-09-05 13:48:30,ROUTER-02,58.37,0.65,418.82,78.388,95.98459584745878,1.379,2.645639809195504,462.408,153.8475941963343,-0.20855408066107853,-0.27553729866644316,-0.2833191633302918,0.2833191633302918,0.2833191633302918,NORMAL
2026-09-05 13:49:00,ROUTER-02,50.16,0.7,471.08,80.525,94.9903939295384,1.363,2.649608147129185,443.986,138.44209348637017,-0.3196635657303142,-0.2502162363497748,0.195706231732506,-0.195706231732506,0.0,NORMAL
2026-09-05 13:49:30,ROUTER-02,30.32,0.63,533.32,48.576,10.579430986588571,0.5400000000000003,0.2872861523522448,487.117,70.65256668295112,-1.7255963447852947,0.3131674900246694,0.6539455928441137,-0.6539455928441137,0.3131674900246694,NORMAL
2026-09-05 13:51:00,ROUTER-02,40.86,0.33,589.75,49.018,10.097413090049434,0.5130000000000001,0.2936380992537536,499.116,77.25755902606963,-0.8079217057949922,-0.6230039632751576,1.1731393513931958,-1.1731393513931958,0.0,NORMAL
2026-09-05 13:56:00,ROUTER-02,31.85,0.71,412.63,47.678,11.451376239464318,0.5330000000000001,0.3001499625187781,484.61,78.64353346306052,-1.3821798752420418,0.5895088163047812,-0.91526798585431,0.91526798585431,1.5047768021590913,NORMAL
2026-09-05 13:58:00,ROUTER-02,46.8,0.04,627.19,46.768,11.080988523893373,0.5210000000000001,0.3185540247221664,496.255,90.64795606569878,0.0028878029384024075,-1.5094741088532706,1.4444325193813599,-1.4444325193813599,0.0028878029384024075,NORMAL
2026-09-05 13:58:30,ROUTER-02,72.36,0.39,545.93,50.183,13.20851413125437,0.5240000000000002,0.3170068348369752,513.34,80.84190346321346,1.6789800791836695,-0.42257051970793913,0.4031320180582827,-0.4031320180582827,1.6789800791836695,NORMAL
2026-09-05 13:59:00,ROUTER-02,392.7,10.08,237.1,84.05199999999999,109.24098811547086,1.4620000000000002,3.0439769308514117,496.27699999999993,115.98003947519,2.825383793996546,2.831071683063408,-2.23466708328491,2.23466708328491,7.891122560344863,ANOMALY
2026-09-05 13:59:30,ROUTER-02,44.94,0.67,392.63,83.06299999999999,109.57918669467604,1.5240000000000002,3.0182268525300344,476.441,114.93950355150584,-0.3479033414975881,-0.2829382110436969,-0.7291742568299642,0.7291742568299642,0.7291742568299642,NORMAL
2026-09-05 14:01:00,ROUTER-02,44.18,0.5,540.22,81.25399999999999,110.10863193531496,1.4700000000000002,3.032644610456912,476.867,115.19222582275228,-0.3367035415663462,-0.3198422962010838,0.5499758733709569,-0.5499758733709569,0.0,NORMAL
2026-09-05 14:03:30,ROUTER-02,67.86,0.34,598.4,82.203,109.93023707485276,1.4390000000000005,3.043522995185389,494.825,119.07008125469623,-0.1304735378936726,-0.3610828285035544,0.8698651409495095,-0.8698651409495095,0.0,NORMAL
2026-09-05 14:06:30,ROUTER-02,46.63,0.38,489.04,81.85,110.05016613647916,1.4070000000000005,3.053821103688518,496.621,118.80728713621328,-0.32003557316546427,-0.33628897575631295,-0.06380916357758382,0.06380916357758382,0.06380916357758382,NORMAL
2026-09-05 14:07:30,ROUTER-02,22.97,0.69,472.73,81.11500000000001,110.4563578221432,1.4130000000000005,3.052183371511836,490.562,118.27152928748303,-0.5264065238596097,-0.23687184707293057,-0.15077157647550218,0.15077157647550218,0.15077157647550218,NORMAL
2026-09-05 14:10:00,ROUTER-02,41.81,0.39,506.29,81.21000000000001,110.41829085597892,1.4190000000000005,3.049875953761621,482.216,113.33624762919683,-0.35682461675601007,-0.33737970908619974,0.21241199759465562,-0.21241199759465562,0.0,NORMAL
2026-09-05 14:11:00,ROUTER-02,27.82,0.0,536.65,80.807,110.6256194006514,1.3480000000000003,3.0763643766267026,494.618,111.648604588981,-0.47897541626913925,-0.4381653206327915,0.3764665264566649,-0.3764665264566649,0.0,NORMAL
2026-09-05 14:18:30,ROUTER-02,25.8,0.65,644.58,78.707,111.53845525697004,1.4090000000000005,3.053509638286923,496.357,114.05248460930396,-0.4743382221341247,-0.24855829326822532,1.2996022887841558,-1.2996022887841558,0.0,NORMAL
2026-09-05 14:19:30,ROUTER-02,46.86,0.93,418.08,76.15700000000001,111.99025999811074,1.4630000000000003,3.038223347799028,483.572,115.0395909434852,-0.2616028736803261,-0.17542569996248333,-0.5692991650349083,0.5692991650349083,0.5692991650349083,NORMAL
2026-09-05 14:22:00,ROUTER-02,60.17,0.21,673.2,42.904,14.433211084932257,0.4760000000000003,0.2693283827928327,527.182,91.46886413784009,1.1962605044953922,-0.9872753465789516,1.5963666078032404,-1.5963666078032404,1.1962605044953922,NORMAL
2026-09-05 14:23:00,ROUTER-02,82.36,0.6,517.01,46.646,19.1121347141894,0.4690000000000004,0.2645940286552681,539.6200000000001,78.70561775798885,1.8686459503076862,0.4949110513203575,-0.28727264859617074,0.28727264859617074,2.6508296502242144,NORMAL
2026-09-05 14:26:30,ROUTER-02,38.7,0.81,511.12,46.098,19.2686214694597,0.5000000000000003,0.2859292841868079,536.71,79.21726621555838,-0.3839382914806043,1.0838051106597055,-0.3230352285427804,0.3230352285427804,1.406840339202486,NORMAL
2026-09-05 14:27:00,ROUTER-02,56.9,0.0,373.84,45.002,18.173865118166884,0.4660000000000003,0.3246605064439919,514.254,90.7723886310025,0.6546727652793078,-1.434903538926358,-1.5468783782142879,1.5468783782142879,2.201551143493596,NORMAL
2026-09-05 14:28:00,ROUTER-02,80.2,0.05,494.08,48.359,21.33374658453887,0.4330000000000004,0.350144414650778,514.758,90.63071784873908,1.4925109672006318,-1.0935220776664842,-0.22815638753819034,0.22815638753819034,1.720667354738822,NORMAL
2026-09-05 14:30:00,ROUTER-02,29.79,0.22,540.45,49.041,20.52563137477929,0.3860000000000004,0.3432912595579937,521.53,89.66633791761284,-0.9378959340593533,-0.4834135854642085,0.21100425576606616,-0.21100425576606616,0.0,NORMAL
2026-09-05 14:33:00,ROUTER-02,67.79,0.34,515.64,51.639,21.14357136341899,0.3810000000000003,0.3435905185602033,522.4649999999999,89.53842232372759,0.7638692317145599,-0.11929336942944618,-0.07622417505756979,0.07622417505756979,0.8400934067721297,NORMAL
2026-09-05 14:36:30,ROUTER-02,46.24,0.16,663.75,53.48100000000001,19.582674570480037,0.3970000000000003,0.3272121296312267,535.175,100.16594988650908,-0.36976374179966404,-0.7240794903232627,1.2836185528497839,-1.2836185528497839,0.0,NORMAL
2026-09-05 14:37:30,ROUTER-02,58.34,0.96,467.75,56.735,17.005937688544538,0.4280000000000004,0.3662057709358108,517.492,94.13273687252,0.09437824550283988,1.4523385712457804,-0.5284234668011056,0.5284234668011056,2.075140283549726,NORMAL
2026-09-05 14:38:30,ROUTER-02,426.1,19.64,136.71,94.659,117.6404631304874,2.2990000000000004,6.101452377189478,489.3549999999999,151.6370034911589,2.817404058431481,2.842063613979445,-2.3255851759299833,2.3255851759299833,7.98505284834091,ANOMALY
2026-09-05 14:42:00,ROUTER-02,58.07,0.81,451.41,94.449,117.71072352263504,2.3590000000000004,6.08154485125102,467.176,137.3016897363044,-0.30905399275372963,-0.254700831417567,-0.11482734515172327,0.11482734515172327,0.11482734515172327,NORMAL
2026-09-05 14:42:30,ROUTER-02,66.09,0.85,493.82,92.822,118.00844958448246,2.384000000000001,6.074019719720671,464.857,136.56031781271992,-0.22652596014547682,-0.25254688264039427,0.21208927494436977,-0.21208927494436977,0.0,NORMAL
2026-09-05 14:45:30,ROUTER-02,33.45,0.48,610.76,92.297,118.28733134476688,2.3510000000000004,6.084408946004717,474.8209999999999,143.75638764165484,-0.4974915705835337,-0.30750221860197263,0.9456199315251663,-0.9456199315251663,0.0,NORMAL
2026-09-05 14:47:00,ROUTER-02,54.61,0.67,537.32,92.068,118.36566354592313,2.418,6.059280852085044,491.169,140.24957218789956,-0.3164597505043524,-0.2884783186055239,0.3290631577246701,-0.3290631577246701,0.0,NORMAL
2026-09-05 14:51:00,ROUTER-02,57.36,0.37,396.94,89.784,118.83952860896076,2.4500000000000006,6.046216447774041,481.455,143.35522896714363,-0.27283828113171305,-0.34401110460663287,-0.5895490639163503,0.5895490639163503,0.5895490639163503,NORMAL
2026-09-05 14:53:00,ROUTER-02,52.72,0.11,511.28,92.077,117.7697299394034,2.4390000000000005,6.050822625432385,478.538,142.3144119975984,-0.3341857589524458,-0.38489998041142953,0.23006789357189725,-0.23006789357189725,0.0,NORMAL
2026-09-05 14:54:00,ROUTER-02,56.0,0.35,555.63,90.898,118.09844046387744,2.4400000000000004,6.050438000674002,482.5370000000001,144.02439022224272,-0.29549899484722403,-0.3454238283880184,0.5075039660769557,-0.5075039660769557,0.0,NORMAL
2026-09-05 14:56:00,ROUTER-02,68.57,0.26,468.98,93.131,117.3690828540464,2.45,6.046332221548312,463.06000000000006,129.20239523063526,-0.2092627673018961,-0.3621970642778836,0.045819548526770754,-0.045819548526770754,0.0,NORMAL
2026-09-05 14:58:00,ROUTER-02,53.61,0.48,489.79,92.658,117.53428481369455,2.402,6.061361783185911,465.264,129.47897771882143,-0.3322261826774824,-0.3170852293965623,0.18942056455839926,-0.18942056455839926,0.0,NORMAL
2026-09-05 14:58:30,ROUTER-02,89.03,0.29,455.15,58.951,14.12936064449556,0.4670000000000003,0.2428099393902209,497.108,60.45881036797756,2.1288144506576008,-0.7286651194443714,-0.6939919979474745,0.6939919979474745,2.8228064486050752,NORMAL
2026-09-05 15:06:30,ROUTER-02,56.67,0.44,482.51,58.81099999999999,14.145986042376432,0.4300000000000003,0.2108185106779302,500.218,58.61880923010563,-0.1513492844300783,0.047411675570142565,-0.3020868220267994,0.3020868220267994,0.34949849759694196,NORMAL
2026-09-05 15:10:30,ROUTER-02,56.29,0.94,331.55,57.831,13.92339314487184,0.4390000000000003,0.2316342903036176,483.991,79.37274069575467,-0.11067624941285438,2.1619588509908954,-1.9205687822655113,1.9205687822655113,4.082527633256406,WARNING
2026-09-05 15:11:30,ROUTER-02,43.44,0.71,610.91,58.83,12.235810829964004,0.4620000000000003,0.2470627450669487,484.006,79.39936932299175,-1.257773141196165,1.0033874641294511,1.598297836019067,-1.598297836019067,1.0033874641294511,NORMAL
2026-09-05 15:14:00,ROUTER-02,53.37,0.34,419.15,58.706,12.289494339113746,0.4290000000000004,0.2380686175594818,472.189,79.3766281652782,-0.43418845673508266,-0.3736848326701687,-0.6681933260030856,0.6681933260030856,0.6681933260030856,NORMAL
2026-09-05 15:18:30,ROUTER-02,52.77,0.93,457.17,58.24699999999999,12.430261506143331,0.4850000000000003,0.2840676758176835,478.212,75.20803367253289,-0.44061469952367416,1.5659768434939911,-0.2797835682456885,0.2797835682456885,1.8457604117396795,NORMAL
2026-09-05 15:22:30,ROUTER-02,41.73,0.79,449.81,57.148,13.419671133575916,0.5530000000000003,0.2650807005004207,472.065,74.71543039351937,-1.1489018587973214,0.8937301981356813,-0.29786310667655164,0.29786310667655164,1.191593304812233,NORMAL
2026-09-05 15:23:00,ROUTER-02,37.73,0.4,503.62,55.321000000000005,14.769148361815937,0.5580000000000004,0.2612704005857498,466.864,69.90760937758377,-1.19105587292305,-0.6045060942092565,0.525778920912348,-0.525778920912348,0.0,NORMAL
2026-09-05 15:24:00,ROUTER-02,47.45,0.17,459.86,53.209,14.161610431020776,0.5490000000000004,0.2739201018951296,465.95200000000006,69.9364201415984,-0.4066599178150892,-1.3831102075315906,-0.08710756537022073,0.08710756537022073,0.08710756537022073,NORMAL
2026-09-05 15:25:00,ROUTER-02,60.45,1.38,525.84,53.893,14.347100403914256,0.6390000000000003,0.3771368746519465,469.557,72.19440406907476,0.45702296025718697,1.9642830534095457,0.7796022803363144,-0.7796022803363144,2.4213060136667326,NORMAL
2026-09-05 15:26:00,ROUTER-02,51.33,0.09,540.02,50.123000000000005,7.321086819743221,0.6190000000000003,0.4021732628275395,478.044,75.23700983484686,0.16486398035152547,-1.3150264978629476,0.823742434232836,-0.823742434232836,0.16486398035152547,NORMAL
2026-09-05 15:32:30,ROUTER-02,58.73,1.4,300.54,50.32899999999999,7.551141856257837,0.7150000000000004,0.4644530833859135,459.847,93.76204255098796,1.1125322377322555,1.4745354718288595,-1.699054604190264,1.699054604190264,4.286122313751379,WARNING
2026-09-05 15:34:30,ROUTER-02,66.33,0.64,406.09,51.333000000000006,8.966579987189242,0.6850000000000003,0.4579483231399395,467.301,84.98101702406481,1.672525396403832,-0.09824290959417441,-0.7202894259752597,0.7202894259752597,2.3928148223790915,NORMAL
2026-09-05 15:43:00,ROUTER-02,74.92,0.43,570.35,54.48100000000001,11.1482140572678,0.6570000000000003,0.4647591969086,463.245,78.05055302672574,1.833371386472147,-0.48831990742485554,1.3722498896111173,-1.3722498896111173,1.833371386472147,NORMAL
2026-09-05 15:45:00,ROUTER-02,268.98,14.14,170.0,76.042,68.70093284179872,2.0370000000000004,4.276431664107097,438.3299999999999,121.41191969672656,2.8083711702601026,2.8300971325853617,-2.2100777227020667,2.2100777227020667,7.848546025547531,ANOMALY
2026-09-05 15:46:00,ROUTER-02,61.49,0.81,411.07,76.914,68.42752405932055,2.0250000000000004,4.280049973747713,433.72,121.49226276233004,-0.22540604342229958,-0.28386855774965813,-0.1864314717815571,0.1864314717815571,0.1864314717815571,NORMAL
2026-09-05 15:50:00,ROUTER-02,63.7,0.0,551.24,79.111,67.51901978126035,1.9460000000000004,4.312545523109165,443.863,127.08990125541467,-0.22824645892787926,-0.45123115024697147,0.8448894400764293,-0.8448894400764293,0.0,NORMAL
2026-09-05 15:53:00,ROUTER-02,13.64,0.22,324.81,76.702,69.55844397978504,1.9280000000000004,4.320084361316212,425.9820000000001,130.2868643332002,-0.9066032207104125,-0.3953534981733121,-0.7765320231213573,0.7765320231213573,0.7765320231213573,NORMAL
2026-09-05 16:00:30,ROUTER-02,67.47,0.8,448.94,78.704,68.90804213668471,1.9910000000000003,4.296126032705384,424.89,130.01684907904965,-0.1630286298782584,-0.2772200510246463,0.1849758833010128,-0.1849758833010128,0.0,NORMAL
2026-09-05 16:01:00,ROUTER-02,38.98,0.58,434.77,76.557,69.86777671669063,1.9110000000000005,4.316169726865606,415.783,125.26273136004062,-0.5378294255652296,-0.308368124381918,0.15157728588639344,-0.15157728588639344,0.0,NORMAL
2026-09-05 16:02:30,ROUTER-02,67.23,0.62,606.51,78.147,69.40930646054127,1.9640000000000004,4.29452416197392,422.432,134.04668803567384,-0.1572841572446846,-0.3129493872595975,1.3732369323986438,-1.3732369323986438,0.0,NORMAL
2026-09-05 16:08:30,ROUTER-02,63.56,0.52,381.64,78.63,69.2758529359257,1.8760000000000008,4.316326112692497,430.542,128.17749748775,-0.217535802270933,-0.3141487806342076,-0.3815175269194258,0.3815175269194258,0.3815175269194258,NORMAL
2026-09-05 16:11:30,ROUTER-02,39.08,0.35,481.8,75.905,70.3411926493526,1.847,4.326515277269278,438.113,128.80714249088288,-0.5235189546994901,-0.3459979462155517,0.3391657111446371,-0.3391657111446371,0.0,NORMAL
2026-09-05 16:14:30,ROUTER-02,35.7,0.44,436.73,71.98299999999999,71.48628571660132,1.8480000000000003,4.32615251182336,424.751,120.20878951502092,-0.5075511880519366,-0.32545488182948873,0.099651531998415,-0.099651531998415,0.0,NORMAL
2026-09-05 16:15:00,ROUTER-02,51.84,0.32,437.61,50.269000000000005,17.874705560900455,0.4660000000000003,0.2544361958876765,451.512,80.3859774670513,0.08788906792006848,-0.573592292015035,-0.17294039512872297,0.17294039512872297,0.26082946304879145,NORMAL
2026-09-05 16:16:30,ROUTER-02,46.21,0.88,466.78,48.741,17.45713063478636,0.4730000000000004,0.2656668757841353,457.083,79.19339507391562,-0.144982904387857,1.5314173325745026,0.1224469256085895,-0.1224469256085895,1.5314173325745026,NORMAL
2026-09-05 16:17:30,ROUTER-02,26.55,0.16,508.91,45.026,17.868094594680205,0.4890000000000003,0.2373206925472901,452.85,74.59941822829417,-1.0340160502561773,-1.385725887959278,0.7514793839343793,-0.7514793839343793,0.0,NORMAL
2026-09-05 08:01:00,ROUTER-03,57.22,0.37,536.58,0.0,0.0,0.0,0.0,0.0,0.0,572200.0,3700.0,5365800.0,-5365800.0,575900.0,ANOMALY
2026-09-05 08:03:00,ROUTER-03,78.23,0.78,506.71,0.0,0.0,0.0,0.0,0.0,0.0,782300.0,7800.0,5067100.0,-5067100.0,790100.0,ANOMALY
2026-09-05 08:03:30,ROUTER-03,70.18,0.3,612.84,68.54333333333334,10.600190249865022,0.4833333333333333,0.2592939130279253,552.0433333333334,54.72869661643093,0.15439828797966268,-0.7067757727745769,1.110871614677783,-1.110871614677783,0.15439828797966268,NORMAL
2026-09-05 08:04:00,ROUTER-03,73.9,1.06,532.78,69.88250000000001,9.059957229479624,0.6275,0.3577126407234351,547.2275,45.71202422047548,0.4434298700595238,1.2087331490736608,-0.31605400637952924,0.31605400637952924,1.9682170255127138,NORMAL
2026-09-05 08:05:30,ROUTER-03,48.11,0.88,555.83,65.52799999999999,12.504817871524564,0.678,0.3297271599368181,548.9480000000001,39.7742689436274,-1.3928919948897225,0.6124419833669708,0.17302600098455045,-0.17302600098455045,0.6124419833669708,NORMAL
2026-09-05 08:12:30,ROUTER-03,75.04,0.92,482.56,67.11333333333333,11.83959740306514,0.7183333333333334,0.3110251865471134,537.8833333333333,44.723093214430826,0.6694990924864826,0.6481849602238116,-1.2370166206173792,1.2370166206173792,2.554700673327673,NORMAL
2026-09-05 08:13:00,ROUTER-03,46.11,0.48,432.19,64.11285714285715,13.410197257169289,0.6842857142857143,0.2978734151087865,522.7842857142857,57.1197388115944,-1.3424651816150184,-0.6855836927973324,-1.5860388894496764,1.5860388894496764,1.5860388894496764,NORMAL
2026-09-05 08:15:00,ROUTER-03,9.55,0.44,470.36,57.2925,22.94081686800688,0.65375,0.2889852937434706,516.23125,56.036665149448616,-2.0811068831595434,-0.7394011546975413,-0.8185920418079555,0.8185920418079555,0.8185920418079555,NORMAL
2026-09-05 08:17:00,ROUTER-03,77.73,0.67,427.38,59.56333333333334,22.51457527913863,0.6555555555555556,0.2703752536342366,506.35888888888894,60.206029483026974,0.8068811315923935,0.05340394084250565,-1.31180810935794,1.31180810935794,2.172093181792839,NORMAL
2026-09-05 08:18:00,ROUTER-03,391.84,16.56,93.68,92.791,107.19776826553392,2.246,5.035882798036065,465.091,142.31092980981236,2.789691668674252,2.8423448955350246,-2.6098539269680074,2.6098539269680074,8.241890491177283,ANOMALY
2026-09-05 08:27:00,ROUTER-03,68.69,0.43,444.26,93.938,106.83562647564924,2.252,5.033434436070685,455.859,140.1358713257324,-0.236325439372144,-0.36197229265849684,-0.08276961218643317,0.08276961218643317,0.08276961218643317,NORMAL
2026-09-05 08:44:30,ROUTER-03,59.09,0.43,583.61,92.024,107.31866754877476,2.217,5.046008433515654,463.549,145.2529191483294,-0.3068801548157175,-0.35413428457679547,0.826564574725956,-0.826564574725956,0.0,NORMAL
2026-09-05 08:45:00,ROUTER-03,325.75,8.26,100.38,117.581,129.64684848121496,3.0129999999999995,5.3298593894314985,412.303,174.237414469772,1.6056606224724401,0.984435268006733,-1.790217227037606,1.790217227037606,4.380313117516779,WARNING
2026-09-05 08:46:00,ROUTER-03,18.77,0.46,471.89,112.06799999999998,132.84343339268057,2.9529999999999994,5.357592846709341,406.21400000000006,170.5850173308834,-0.7023149536697022,-0.46531222885074186,0.3850042783779807,-0.3850042783779807,0.0,NORMAL
2026-09-05 08:46:30,ROUTER-03,75.45,0.21,625.07,114.802,131.65692147902186,2.886,5.390485857302454,413.138,178.5518339804377,-0.29889784500608896,-0.49642099594330896,1.1869487788534372,-1.1869487788534372,0.0,NORMAL
2026-09-05 08:47:30,ROUTER-03,222.72,19.11,168.95,129.57,134.94288693122482,4.705,7.361924944529718,381.777,192.0358932913903,0.6902915232451089,1.9566627535951908,-1.1082661971449383,1.1082661971449383,3.755220473985238,WARNING
2026-09-05 08:53:00,ROUTER-03,29.78,0.72,415.29,127.93699999999998,136.1584249688575,4.728999999999999,7.34699704338824,380.087,191.6168481371093,-0.7209023454275131,-0.5456576898773587,0.18371548207108973,-0.18371548207108973,0.0,NORMAL
2026-09-05 08:54:00,ROUTER-03,52.56,0.22,657.01,132.238,132.63704634159424,4.706999999999999,7.361582031058269,398.75200000000007,209.6310143402768,-0.600721609275255,-0.6095074442321405,1.2319640660822473,-1.2319640660822473,0.0,NORMAL
2026-09-05 08:54:30,ROUTER-03,47.24,0.83,500.3,129.189,134.368419111205,4.723,7.352000559182664,406.044,211.9924424334247,-0.609882437806567,-0.529508535507951,0.4446194140513254,-0.4446194140513254,0.0,NORMAL
2026-09-05 08:55:30,ROUTER-03,55.21,0.74,607.32,95.526,98.6853684077725,3.141,6.120908520073723,457.408,188.8636532175174,-0.4085302593226045,-0.39225562129606084,0.7937573909555,-0.7937573909555,0.0,NORMAL
2026-09-05 08:56:30,ROUTER-03,38.33,1.05,461.18,92.48999999999998,100.06012414765658,3.2030000000000003,6.093475654793046,459.1,188.80855824529425,-0.5412740223335629,-0.3533229292568982,0.0110164439455828,-0.0110164439455828,0.0,NORMAL
2026-09-05 08:58:30,ROUTER-03,24.46,0.41,429.61,89.027,101.92636405758816,3.201,6.094490134539557,443.7,183.7369390671832,-0.6334664956445446,-0.45794712005040494,-0.07668568118618689,0.07668568118618689,0.07668568118618689,NORMAL
2026-09-05 09:01:30,ROUTER-03,65.22,1.01,568.32,62.974,58.91826696553646,2.476,5.85221743349381,490.494,141.26338781785526,0.03812054060007758,-0.2504990572811092,0.5509279234302118,-0.5509279234302118,0.03812054060007758,NORMAL
2026-09-05 09:05:00,ROUTER-03,52.8,0.79,519.31,66.377,57.03407578905013,2.509,5.840505020020862,495.2360000000001,141.36536195263676,-0.2380502534167701,-0.2943188238388803,0.1702961930550308,-0.1702961930550308,0.0,NORMAL
2026-09-05 09:07:00,ROUTER-03,36.15,0.0,640.44,62.447,57.68966343962999,2.488,5.8500594488907165,496.773,143.00784765179847,-0.4558347691530882,-0.42528755356775183,1.0046085015485031,-1.0046085015485031,0.0,NORMAL
2026-09-05 09:07:30,ROUTER-03,29.72,0.7,625.84,43.147000000000006,13.38156862587094,0.647,0.336981700789023,542.462,89.67640861576818,-1.0033875726111934,0.1572319110647073,0.9297641186862549,-0.9297641186862549,0.1572319110647073,NORMAL
2026-09-05 09:13:30,ROUTER-03,48.56,0.02,449.47,45.025000000000006,12.591674718726924,0.5770000000000001,0.3888458706365633,545.88,84.81004369242544,0.28073882188684823,-1.432075880091986,-1.1367743975254052,1.1367743975254052,1.4175132194122535,NORMAL
2026-09-05 09:17:00,ROUTER-03,60.62,0.51,483.53,45.831,13.361985422999416,0.606,0.369600384800179,528.5319999999999,76.92912045079765,1.106788314236078,-0.2596697324291059,-0.5849792801264937,0.5849792801264937,1.6917675943625716,NORMAL
2026-09-05 09:19:30,ROUTER-03,26.45,0.1,477.21,43.752,14.67158765929744,0.533,0.391863071322959,526.223,78.20655926597348,-1.1792781036362736,-1.104695905505926,-0.6267113371165923,0.6267113371165923,0.6267113371165923,NORMAL
2026-09-05 09:20:00,ROUTER-03,39.09,0.32,479.51,42.14,14.149057290937328,0.491,0.3897135700314557,513.442,73.80020668444409,-0.2155605409767797,-0.4386712345242401,-0.4597812871576092,0.4597812871576092,0.4597812871576092,NORMAL
2026-09-05 09:22:00,ROUTER-03,52.67,0.08,569.96,43.574,14.443620814125063,0.394,0.3542190157390009,524.3199999999999,73.25593900838346,0.6297546260451586,-0.8862070226321109,0.6230203081929809,-0.6230203081929809,0.6297546260451586,NORMAL
2026-09-05 09:23:30,ROUTER-03,59.16,0.73,416.64,47.044,13.47727733796589,0.426,0.3699309244830505,523.023,75.20791152974975,0.8989879630266878,0.8215529564851949,-1.414516855799578,1.414516855799578,3.135057775311461,WARNING
2026-09-05 09:28:00,ROUTER-03,54.07,0.45,466.96,45.929,12.207914054233838,0.37,0.3090846701687561,512.887,75.2550673155414,0.6668570304583352,0.2587450404844949,-0.6102836740423445,0.6102836740423445,1.5358857449851746,NORMAL
2026-09-05 09:30:30,ROUTER-03,60.22,0.26,357.13,46.671,12.87898758098305,0.317,0.272317216985379,496.669,89.78906100782359,1.052015518553203,-0.20923787648509481,-1.554073993272323,1.554073993272323,2.606089511825526,NORMAL
2026-09-05 09:34:30,ROUTER-03,45.36,0.02,357.9,47.592,12.361947707020754,0.319,0.2697921010292426,468.4150000000001,83.77385501057793,-0.18055261174347223,-1.107850132922577,-1.3192047574457435,1.3192047574457435,1.3192047574457435,NORMAL
2026-09-05 09:37:30,ROUTER-03,43.4,0.54,449.16,48.96,10.825946199345148,0.303,0.2485982926552521,450.747,62.91888182413924,-0.5135762306590118,0.9529619100704148,-0.025222912926908283,0.025222912926908283,0.978184822997323,NORMAL
2026-09-05 09:38:00,ROUTER-03,71.7,0.98,639.11,51.274,12.988078465355327,0.399,0.3059211953719017,469.711,86.61006311175522,1.5726608665321564,1.8985613048596905,1.955879009042164,-1.955879009042164,3.471222171391847,WARNING
2026-09-05 09:40:30,ROUTER-03,63.34,0.28,529.5,51.54600000000001,13.23174818381927,0.376,0.3052940294936013,474.308,88.6216445595795,0.8913342895229432,-0.3143479921961323,0.6227816917200832,-0.6227816917200832,0.8913342895229432,NORMAL
2026-09-05 09:42:30,ROUTER-03,71.14,0.52,567.61,56.015,11.205695228568375,0.418,0.2916923798189455,483.34800000000007,93.43077565770284,1.3497480269351962,0.3495636180193948,0.9018646074634432,-0.9018646074634432,1.699311644954591,NORMAL
2026-09-05 09:43:30,ROUTER-03,44.56,0.3,387.58,56.562,10.391651349895373,0.416,0.2925064101861624,474.155,98.24880867244931,-1.154954501497078,-0.3964369745905373,-0.8811802713110146,0.8811802713110146,0.8811802713110146,NORMAL
2026-09-05 09:45:00,ROUTER-03,73.69,0.17,599.75,58.664,11.575426270048888,0.425,0.2822233158333938,477.134,101.86168030989649,1.2980835298071105,-0.9032197686091291,1.2037488410958699,-1.2037488410958699,1.2980835298071105,NORMAL
2026-09-05 09:46:00,ROUTER-03,43.7,0.47,576.12,57.11800000000001,12.497504462002896,0.399,0.2622742415445582,493.082,103.80405384933458,-1.073645756736456,0.2706058322723812,0.7999487199763182,-0.7999487199763182,0.2706058322723812,NORMAL
2026-09-05 09:47:00,ROUTER-03,29.83,0.71,363.69,54.694,15.210652115467708,0.425,0.2801686000329801,482.755,111.54022485682512,-1.6346331733797683,1.0168816626852353,-1.0674614777465787,1.0674614777465787,2.0843431404318142,NORMAL
2026-09-05 09:47:30,ROUTER-03,36.22,0.57,426.04,52.294,16.108753452014287,0.4559999999999999,0.2770158439110901,489.646,104.84437548629448,-0.9978363790993499,0.41138030359814376,-0.6066700196169584,0.6066700196169584,1.0180503232151021,NORMAL
2026-09-05 09:51:00,ROUTER-03,64.76,0.49,677.5,54.234,16.347314560298212,0.5029999999999999,0.2308462691922824,521.606,108.8570869636985,0.6438938684263713,-0.056290149416426793,1.432096532606407,-1.432096532606407,0.6438938684263713,NORMAL
2026-09-05 09:54:00,ROUTER-03,52.5,0.55,517.34,55.144000000000005,15.92504121745945,0.504,0.2310459309795736,528.424,105.9107134650063,-0.1660267851880189,0.1990084783455049,-0.1046540918474031,0.1046540918474031,0.303662570192908,NORMAL
2026-09-05 10:00:00,ROUTER-03,37.51,0.92,442.57,51.725,15.643328894097108,0.498,0.2177052033267722,508.7700000000001,101.22057026338292,-0.9086882483522454,1.9375111042084485,-0.6540166136792346,0.6540166136792346,2.591527717887683,NORMAL
2026-09-05 10:01:30,ROUTER-03,59.49,0.58,515.53,51.34,15.370709518793062,0.5279999999999999,0.2046025958345054,507.3730000000001,100.99883564235336,0.5302258147194806,0.2540270668674869,0.08076322733622229,-0.08076322733622229,0.7842528815869675,NORMAL
2026-09-05 10:02:00,ROUTER-03,238.75,17.04,113.14,68.101,61.506535596724326,2.18,5.225278301998213,461.92599999999993,157.38973114886213,2.7744811327168133,2.843813240147121,-2.216064389001802,2.216064389001802,7.834358761865737,ANOMALY
2026-09-05 10:02:30,ROUTER-03,27.26,0.74,538.71,66.371,62.47787598644646,2.2239999999999998,5.20951735874938,477.03899999999993,156.71211202215494,-0.6259965913185865,-0.28485777319281824,0.3935302756831833,-0.3935302756831833,0.0,NORMAL
2026-09-05 10:04:30,ROUTER-03,44.18,0.0,475.38,63.42,62.78990860179864,2.207,5.217236497099462,464.602,150.71169959746177,-0.30641817748451244,-0.42301277696521294,0.07151397587174414,-0.07151397587174414,0.0,NORMAL
2026-09-05 10:06:30,ROUTER-03,80.15,0.38,598.32,67.065,62.57556130169531,2.1979999999999995,5.220642361497928,466.822,152.68744500522044,0.20910685924537734,-0.34822633911365464,0.8612228325205182,-0.8612228325205182,0.20910685924537734,NORMAL
2026-09-05 10:07:30,ROUTER-03,38.03,0.44,536.67,67.885,62.08521907650631,2.171,5.229883045218761,484.12000000000006,149.46996294313524,-0.4808705253364386,-0.33097621637272345,0.35157541895190175,-0.35157541895190175,0.0,NORMAL
2026-09-05 10:10:30,ROUTER-03,53.36,0.44,446.58,69.599,61.3460994775635,2.158,5.234464421292572,486.1740000000001,148.7224127322069,-0.26471077488572353,-0.3282030483781445,-0.26622734697398476,0.26622734697398476,0.26622734697398476,NORMAL
2026-09-05 10:15:00,ROUTER-03,58.76,0.26,457.9,68.999,61.42797344134931,2.135,5.243106055680268,464.21400000000006,132.6803046758971,-0.16668274660731555,-0.3576056290918996,-0.0475880369480595,0.0475880369480595,0.0475880369480595,NORMAL
2026-09-05 10:17:00,ROUTER-03,62.31,0.66,511.3,69.98,61.21316615819767,2.146,5.2395254238019175,463.61,132.42509018728703,-0.12529963652287218,-0.28360805970014275,0.36012785734007796,-0.36012785734007796,0.0,NORMAL
2026-09-05 10:17:30,ROUTER-03,57.61,0.5,329.55,71.99000000000001,60.35246510660895,2.104,5.252113225486797,452.308,139.07619436841082,-0.2382665918937937,-0.305395065115875,-0.8826666007854369,0.8826666007854369,0.8826666007854369,NORMAL
2026-09-05 10:18:30,ROUTER-03,67.54,0.47,517.23,72.795,60.22075375925928,2.0929999999999995,5.255773650630957,452.478,139.16307235278563,-0.08726213050727483,-0.30879737754068,0.4652955153670285,-0.4652955153670285,0.0,NORMAL
2026-09-05 10:19:00,ROUTER-03,70.73,0.47,540.66,55.99300000000001,15.912897668942266,0.4359999999999996,0.2036445705416796,495.23,73.51923270667191,0.9260982944000872,0.166875612486788,0.6179327032422474,-0.6179327032422474,1.0929739068868751,NORMAL
2026-09-05 10:19:30,ROUTER-03,336.97,13.12,93.45,86.96400000000001,88.70014633584326,1.6739999999999997,4.025450147361023,450.704,144.6669391088064,2.81854910586617,2.843338073307447,-2.46949133818453,2.46949133818453,8.131378517358147,ANOMALY
2026-09-05 10:24:00,ROUTER-03,52.87,0.47,378.63,87.833,88.27597018567528,1.7209999999999996,4.006432189478424,441.029,146.06178665589127,-0.3960643006248539,-0.3122400971306951,-0.427209324955568,0.427209324955568,0.427209324955568,NORMAL
2026-09-05 10:25:00,ROUTER-03,29.6,0.03,466.7,82.778,90.1913680028318,1.6859999999999995,4.020951241794519,427.867,135.88907601013727,-0.5896123123124056,-0.41183260307345854,0.2857696333157767,-0.2857696333157767,0.0,NORMAL
2026-09-05 10:28:30,ROUTER-03,73.66,0.65,560.63,86.34100000000001,88.92203232170434,1.7069999999999996,4.014263596504621,430.263,138.21202794177412,-0.14260791626231392,-0.2633045001006756,0.943238498251911,-0.943238498251911,0.0,NORMAL
2026-09-05 10:32:00,ROUTER-03,66.1,0.0,442.49,87.61500000000001,88.48720651408696,1.6629999999999996,4.032066054353111,429.854,138.16442066529922,-0.24314221833133634,-0.412433411120217,0.09145618527212554,-0.09145618527212554,0.0,NORMAL
2026-09-05 10:35:30,ROUTER-03,55.66,0.41,517.18,87.305,88.60487912951275,1.6779999999999995,4.0265419406731615,435.782,140.74899034964486,-0.35714697199741924,-0.3149025959303497,0.5783199010224037,-0.5783199010224037,0.0,NORMAL
2026-09-05 10:38:00,ROUTER-03,28.28,0.36,428.86,83.902,90.30861775046723,1.6479999999999997,4.0360756517521645,427.5379999999999,138.22598845529888,-0.6159095310564546,-0.31911396111833235,0.009564041164542103,-0.009564041164542103,0.0,NORMAL
2026-09-05 10:39:30,ROUTER-03,42.47,0.05,617.81,82.388,90.9231894146556,1.6029999999999998,4.052771479699621,456.3639999999999,145.39227323195527,-0.4390294308200179,-0.383185109071137,1.1104158795347072,-1.1104158795347072,0.0,NORMAL
2026-09-05 10:43:00,ROUTER-03,59.75,0.58,551.24,81.60900000000001,91.09774048301702,1.6139999999999997,4.049502575762991,459.765,147.3587215870773,-0.23995080326931667,-0.2553336977283956,0.6207636503522499,-0.6207636503522499,0.0,NORMAL
2026-09-05 10:45:00,ROUTER-03,27.12,0.61,506.82,77.248,92.70604688416444,1.6279999999999997,4.04534794548009,456.381,145.67352878192304,-0.5407192692695396,-0.25164085997878033,0.34624660909290883,-0.34624660909290883,0.0,NORMAL
2026-09-05 10:51:00,ROUTER-03,58.55,0.82,590.85,49.406,16.640073584239126,0.3979999999999998,0.2870075492619005,506.121,76.45573744185441,0.5495134983844647,1.46983247596548,1.1082083832308744,-1.1082083832308744,2.0193459743499447,NORMAL
2026-09-05 10:53:00,ROUTER-03,52.95,0.66,457.68,49.414,16.64194312906744,0.4169999999999998,0.2983677819961838,514.0260000000001,65.04443202748243,0.21247391156101073,0.8141582263076798,-0.866268051189805,0.866268051189805,1.8929001890584956,NORMAL
2026-09-05 10:57:30,ROUTER-03,39.78,0.0,494.51,50.432,15.572213715461393,0.4139999999999998,0.3028090707579981,516.807,63.36910183818123,-0.6840345111609122,-1.366746789602597,-0.35185862143154895,0.35185862143154895,0.35185862143154895,NORMAL
2026-09-05 11:03:30,ROUTER-03,49.28,0.76,523.1,47.994,13.269820563134283,0.4249999999999998,0.3141213495167293,513.054,61.57117294463198,0.09691090416718028,1.0661274306002069,0.1631605052088808,-0.1631605052088808,1.1630383347673872,NORMAL
2026-09-05 11:06:30,ROUTER-03,50.4,0.63,692.93,46.424,11.728909393270936,0.4879999999999998,0.280824183827197,538.098,78.3320297480185,0.3389885596204804,0.5054744595693039,1.9766090938427043,-1.9766090938427043,0.8444630191897844,NORMAL
2026-09-05 11:07:30,ROUTER-03,19.37,0.73,548.17,42.795,13.95637906717463,0.5199999999999998,0.2890597785156986,541.197,78.02492935665576,-1.6784319230697053,0.7262420834528314,0.08936875842911988,-0.08936875842911988,0.7262420834528314,NORMAL
2026-09-05 11:18:30,ROUTER-03,39.66,0.22,388.23,43.933,13.077619601611296,0.5059999999999998,0.3008210985508206,537.134,85.2481529549012,-0.3267389216292365,-0.9504152463131432,-1.7467102824825576,1.7467102824825576,1.7467102824825576,NORMAL
2026-09-05 11:20:00,ROUTER-03,40.23,0.42,378.45,43.709,13.124562595886268,0.5429999999999998,0.2582440705998673,513.198,93.3023175608314,-0.2650734809053642,-0.47610924343801453,-1.4442069511451496,1.4442069511451496,1.4442069511451496,NORMAL
2026-09-05 11:32:00,ROUTER-03,75.26,0.29,548.82,45.260000000000005,15.861845205818174,0.5139999999999998,0.2696582198924127,512.956,93.19576149160434,1.891319104355245,-0.8303732137961818,0.3848239549052388,-0.3848239549052388,1.891319104355245,NORMAL
2026-09-05 11:36:30,ROUTER-03,70.7,0.55,595.78,49.618,16.30472174283005,0.5079999999999998,0.267946926751446,521.852,96.72402089335296,1.2929917500797385,0.156688981698141,0.7643181381975264,-0.7643181381975264,1.4496807317778795,NORMAL
2026-09-05 11:38:30,ROUTER-03,53.91,0.41,437.3,49.154,16.08685881913155,0.4669999999999998,0.2453138579226172,506.497,96.74157006627962,0.29564320102217706,-0.2322607226930633,-0.7152760537686788,0.7152760537686788,1.0109192547908559,NORMAL
2026-09-05 11:41:00,ROUTER-03,58.15,0.58,403.83,49.674,16.305750996368104,0.4589999999999998,0.2395574623712793,501.112,101.15873860203853,0.5198134094251142,0.5048872620229367,-0.9616757304095782,0.9616757304095782,1.986376401857629,NORMAL
2026-09-05 11:41:30,ROUTER-03,44.44,0.56,468.35,50.14,16.056253887158512,0.5149999999999999,0.1778420022878931,498.4959999999999,101.68532137050175,-0.35499964936365325,0.2528913883254751,-0.2964633434537259,0.2964633434537259,0.5493547317792009,NORMAL
2026-09-05 11:43:00,ROUTER-03,67.23,0.62,492.53,51.935,16.929060648613923,0.5009999999999998,0.1611383118800267,495.439,101.32232675421982,0.9034706632813648,0.7380379924130258,-0.02871032695512197,0.02871032695512197,1.6702189826495126,NORMAL
2026-09-05 11:45:00,ROUTER-03,30.58,0.0,640.39,49.953,18.238343035118916,0.4379999999999998,0.2181640565160645,490.185,90.75484514154972,-1.0622068979625316,-2.0067436067640503,1.6550613276855217,-1.6550613276855217,0.0,NORMAL
2026-09-05 11:48:30,ROUTER-03,30.76,0.56,630.55,51.092,16.37685548435839,0.4209999999999998,0.19863142864218,498.423,99.88293359394956,-1.2415005963360568,0.6994364250773469,1.3228172517980428,-1.3228172517980428,0.6994364250773469,NORMAL
2026-09-05 11:49:30,ROUTER-03,42.59,0.41,645.44,51.385000000000005,16.174559757017725,0.4399999999999998,0.185951009079722,524.144,101.45891694014216,-0.543751777911996,-0.16124610206841147,1.1955172015076898,-1.1955172015076898,0.0,NORMAL
2026-09-05 11:53:30,ROUTER-03,81.15,0.0,410.63,55.477,18.10041132129334,0.3979999999999998,0.2325606253096887,527.3620000000001,96.72431485642296,1.4183577217400725,-1.7106461373523432,-1.2068514466929186,1.2068514466929186,2.625209168432991,NORMAL
2026-09-05 11:57:00,ROUTER-03,48.93,0.6,354.56,52.84400000000001,16.7689966571913,0.4289999999999998,0.2371801940391176,507.936,110.4670531274672,-0.23340553638716846,0.7206669764093727,-1.3884308200014948,1.3884308200014948,2.1090977964108673,NORMAL
2026-09-05 12:02:30,ROUTER-03,6.56,0.23,568.44,46.43,20.93049662308309,0.3969999999999998,0.2406034081221398,505.20200000000006,108.36981260685305,-1.9048668663381427,-0.6937998979859031,0.5835383500715399,-0.5835383500715399,0.0,NORMAL
2026-09-05 12:03:30,ROUTER-03,47.91,0.84,585.65,45.83,20.777688888698844,0.4399999999999998,0.2786076492528719,520.037,108.19559110446434,0.10010689833947259,1.4351956290840069,0.6064289559983469,-0.6064289559983469,1.5353025274234795,NORMAL
2026-09-05 12:08:00,ROUTER-03,63.05,0.51,475.93,46.32,21.15486862797003,0.4329999999999998,0.2755620518947293,527.2470000000001,101.8048749160209,0.7908307638840191,0.2793275297443017,-0.5040716334573192,0.5040716334573192,1.57422992708564,NORMAL
2026-09-05 12:11:30,ROUTER-03,65.76,0.44,632.43,48.452,22.001720033771186,0.4209999999999998,0.2720069443557771,543.655,104.4458792602391,0.7866621931019112,0.06982548734646726,0.8499609140415728,-0.8499609140415728,0.8564876804483785,NORMAL
2026-09-05 12:12:00,ROUTER-03,66.58,1.22,461.32,48.387,21.940956147503474,0.4809999999999997,0.3694876332316147,540.534,106.58765586230996,0.8291761288833882,1.9995257783338243,-0.7431810470081444,0.7431810470081444,3.571882954225357,WARNING
2026-09-05 12:15:00,ROUTER-03,54.54,0.15,347.25,50.783,21.071339170647136,0.4959999999999998,0.3503395178648377,511.2200000000001,115.97065404661645,0.17829821539828952,-0.987331571816195,-1.4138909533526833,1.4138909533526833,1.5921891687509728,NORMAL
2026-09-05 12:17:30,ROUTER-03,56.33,0.51,496.99,53.34,19.88991425041578,0.4909999999999998,0.3496808068319675,497.864,108.12634073157196,0.15032668968236118,0.05431973289811658,-0.008083129289067282,0.008083129289067282,0.21272955186954506,NORMAL
2026-09-05 12:19:30,ROUTER-03,64.46,0.33,535.44,55.527,19.77860912422541,0.4829999999999998,0.3526424062228702,486.8639999999999,96.40483507929808,0.45164727100711805,-0.43374427712933145,0.5038746196970502,-0.5038746196970502,0.45164727100711805,NORMAL
2026-09-05 12:21:30,ROUTER-03,60.52,0.06,478.59,53.464,17.784427145367737,0.4889999999999999,0.3439137488770343,493.66,92.76015080721773,0.39674937333590293,-1.2470431818506866,-0.16246182894998645,0.16246182894998645,0.5592112022858894,NORMAL
2026-09-05 12:27:00,ROUTER-03,35.13,0.45,567.36,52.084,18.687806600978064,0.4739999999999998,0.3417991613018613,514.9399999999999,80.96261565274018,-0.9072177190308027,-0.07019613592678663,0.647458519361386,-0.647458519361386,0.0,NORMAL
2026-09-05 12:28:00,ROUTER-03,40.42,0.51,267.44,55.470000000000006,11.015501199068094,0.5019999999999998,0.3308843369584508,484.84,109.71093645474808,-1.366244086729757,0.024170328038829483,-1.9815691021173587,1.9815691021173587,2.005739430156188,NORMAL
2026-09-05 12:28:30,ROUTER-03,30.15,0.57,470.01,53.694,13.517389787480072,0.4749999999999998,0.3106355492284062,473.276,103.8419836097134,-1.741743501948602,0.3057262042785146,-0.03145160311184778,0.03145160311184778,0.3371778073903624,NORMAL
2026-09-05 12:35:00,ROUTER-03,70.76,0.26,468.81,54.46500000000001,14.30713749613588,0.4499999999999998,0.3174901573277336,472.564,103.84617365229307,1.1389340537892778,-0.598255316218542,-0.03614958792425697,0.03614958792425697,1.1750836417135349,NORMAL
2026-09-05 12:38:00,ROUTER-03,51.56,0.4,394.63,53.045,13.75558734963132,0.4459999999999998,0.3178818788306089,448.784,89.39173242904877,-0.10795534692345275,-0.1446623316057085,-0.6058047869527967,0.6058047869527967,0.6058047869527967,NORMAL
2026-09-05 12:43:00,ROUTER-03,63.77,0.45,411.71,52.764,13.474195255293788,0.3689999999999999,0.1670296048276406,443.823,89.99330309034718,0.8168145191620287,0.48465381153467557,-0.35683726692456286,0.35683726692456286,1.658305597621267,NORMAL
2026-09-05 12:44:30,ROUTER-03,64.11,0.96,606.45,53.721,13.94594520919187,0.4499999999999998,0.2325701805668086,469.74300000000005,96.20111122596816,0.7449423721323225,2.1919439730419583,1.4210527940119932,-1.4210527940119932,2.9368863451742806,NORMAL
2026-09-05 12:46:00,ROUTER-03,58.25,0.37,571.44,53.913,13.99897143046999,0.4359999999999998,0.2327707503579675,477.188,101.29027855075174,0.30980626261826266,-0.2834190206307361,0.9305128616216487,-0.9305128616216487,0.30980626261826266,NORMAL
2026-09-05 12:46:30,ROUTER-03,35.47,0.68,646.37,51.014,14.562523590825084,0.4709999999999998,0.2412214289356708,488.281,113.69363897480513,-1.067390082772806,0.8660648203592127,1.3904811419301901,-1.3904811419301901,0.8660648203592127,NORMAL
2026-09-05 12:52:00,ROUTER-03,51.88,1.04,514.81,50.150000000000006,14.187337076891389,0.5689999999999998,0.2544034416258955,491.903,113.92730401932234,0.12193886680335202,1.8506625961166427,0.2010666371026487,-0.2010666371026487,1.9726014629199948,NORMAL
2026-09-05 13:00:00,ROUTER-03,39.9,0.37,367.47,50.627,13.697978804675422,0.5609999999999998,0.2597627122330224,471.914,116.71860122153235,-0.7831025177296154,-0.7350034884140191,-0.8948351798548976,0.8948351798548976,0.8948351798548976,NORMAL
2026-09-05 13:02:00,ROUTER-03,184.81,20.32,162.24,65.066,44.10185060365008,2.542,6.251925570041068,461.39400000000006,139.67850086697104,2.715163351302866,2.843558427718206,-2.141731075076506,2.141731075076506,7.700452854097578,ANOMALY
2026-09-05 13:02:30,ROUTER-03,54.65,0.31,560.6,67.516,42.601643212961264,2.516,6.2615709778865485,470.4530000000001,143.1928352529475,-0.30200642109137027,-0.35230212634784164,0.6295492151254322,-0.6295492151254322,0.0,NORMAL
2026-09-05 13:06:30,ROUTER-03,83.16,0.8,496.88,68.756,42.88607031037783,2.57,6.24225208647577,473.25999999999993,143.43197652158628,0.335865848961441,-0.28354696682917874,0.16467725053429935,-0.16467725053429935,0.335865848961441,NORMAL
2026-09-05 13:07:30,ROUTER-03,29.45,0.74,337.94,66.545,44.413848253294496,2.604,6.230033351078912,467.591,147.93468411956522,-0.8352105916917305,-0.299191027697216,-0.8764064568831377,0.8764064568831377,0.8764064568831377,NORMAL
2026-09-05 13:16:30,ROUTER-03,26.66,0.78,351.37,62.834,46.18646583867043,2.637,6.218218841079457,461.557,151.65112741274146,-0.7832147582991059,-0.29863377022938853,-0.726581656343009,0.726581656343009,0.726581656343009,NORMAL
2026-09-05 13:21:30,ROUTER-03,49.16,0.56,614.91,61.339,46.38211639318666,2.597,6.231477531229829,462.403,152.57005094564116,-0.2625790862764601,-0.32688352023086986,0.9995860858414979,-0.9995860858414979,0.0,NORMAL
2026-09-05 13:23:00,ROUTER-03,58.08,0.87,427.63,61.322,46.38340550958576,2.647,6.213603445487792,448.0220000000001,147.85523947429115,-0.06989553644948208,-0.2859808189414647,-0.13791859037695312,0.13791859037695312,0.13791859037695312,NORMAL
2026-09-05 13:26:00,ROUTER-03,38.97,0.35,518.52,61.672,46.179413114022566,2.614,6.226074561426681,435.237,133.64298344220438,-0.4916032774955017,-0.3636261684704872,0.6231747865651179,-0.6231747865651179,0.0,NORMAL
2026-09-05 13:29:30,ROUTER-03,52.13,0.17,608.44,61.697,46.173590347248926,2.527,6.256516691507432,444.6,142.80319884372332,-0.2071959145576505,-0.37672117635068336,1.1473124313416472,-1.1473124313416472,0.0,NORMAL
2026-09-05 13:31:30,ROUTER-03,45.36,0.64,544.32,62.243,45.91878241949467,2.554,6.246748843287291,462.285,143.14026984046097,-0.3676700980168541,-0.30639447952334187,0.5731087609416773,-0.5731087609416773,0.0,NORMAL
2026-09-05 13:32:00,ROUTER-03,52.0,0.0,431.06,48.962,15.96945403644802,0.522,0.2979112470369258,489.167,98.95218318292248,0.19023699679191008,-1.7516117434833605,-0.5872224281332021,0.5872224281332021,0.7774594249251122,NORMAL
2026-09-05 13:35:00,ROUTER-03,22.46,0.74,473.59,45.743,17.83129025679931,0.5650000000000001,0.2949293700758175,480.466,95.74660216773567,-1.3057310543198914,0.5931612840953019,-0.07181448388639206,0.07181448388639206,0.6649757679816939,NORMAL
2026-09-05 13:38:30,ROUTER-03,62.58,0.26,527.04,43.685,13.754567928106384,0.5109999999999999,0.2965524124557385,483.482,96.79041616927888,1.373715461453622,-0.8461080694479433,0.450023429194452,-0.450023429194452,1.373715461453622,NORMAL
2026-09-05 13:42:00,ROUTER-03,39.98,0.82,527.08,44.738,12.921545143244003,0.5189999999999999,0.3043919257214776,502.396,82.63465767393767,-0.36821936736807015,0.9885319595480122,0.2987120758240592,-0.2987120758240592,0.9885319595480122,NORMAL
2026-09-05 13:44:30,ROUTER-03,36.52,1.43,584.91,45.724,11.708005048778634,0.584,0.4154569104545376,525.75,66.66832847928764,-0.7861220890702664,2.0358222393044607,0.8873765491319423,-0.8873765491319423,2.0358222393044607,NORMAL
2026-09-05 13:50:00,ROUTER-03,34.02,0.75,495.69,44.21,12.183559049436864,0.603,0.4185703180005677,513.8280000000001,59.19342245741663,-0.8363661490076731,0.35111158751836974,-0.3064186628367729,0.3064186628367729,0.6575302503551426,NORMAL
2026-09-05 13:50:30,ROUTER-03,45.42,0.31,421.42,42.944,11.200256147864724,0.5469999999999999,0.4163345342923519,513.2070000000001,60.22184746603342,0.22106439896306623,-0.569117065189453,-1.524145330101955,1.524145330101955,1.7452097290650213,NORMAL
2026-09-05 13:53:30,ROUTER-03,57.3,1.0,520.64,44.777,11.952288530282178,0.612,0.4325839674431707,513.419,60.24635562053135,1.0477403715811393,0.8967283957683514,0.11985767337886619,-0.11985767337886619,1.9444687673494907,NORMAL
2026-09-05 13:56:30,ROUTER-03,59.0,0.75,566.78,45.464,12.601685248851238,0.67,0.4047221268969432,509.253,54.06935937602096,1.0741335241555496,0.19761765645869897,1.0639462769533885,-1.0639462769533885,1.2717511806142485,NORMAL
2026-09-05 13:57:00,ROUTER-03,72.96,0.41,573.1,48.224,15.308187497037272,0.647,0.4130657736164044,512.131,56.83834453957972,1.61585677070589,-0.5736196343795844,1.0726718595816602,-1.0726718595816602,1.61585677070589,NORMAL
2026-09-05 14:00:00,ROUTER-03,40.8,0.65,390.73,47.104,15.410598950073414,0.7120000000000001,0.34556877430949,508.09800000000007,64.18585995199994,-0.40906645574112466,-0.17936245506656373,-1.8285618862407156,1.8285618862407156,1.8285618862407156,NORMAL
2026-09-05 14:00:30,ROUTER-03,45.46,0.51,488.08,49.404,12.822961349773369,0.6890000000000001,0.3511077707295185,509.547,63.47995642545566,-0.3075708594398722,-0.5096698163260639,-0.338169201617025,0.338169201617025,0.338169201617025,NORMAL
2026-09-05 14:04:00,ROUTER-03,64.24,0.0,422.82,49.57000000000001,13.021688745235068,0.663,0.3934759628405764,499.125,68.63488783248465,1.1265733369670916,-1.6845540952625648,-1.11175076167035,1.11175076167035,2.2383240986374418,NORMAL
2026-09-05 14:12:00,ROUTER-03,49.77,0.19,407.73,50.549,12.581145019433002,0.6,0.415371319825188,487.19000000000005,73.44223141732233,-0.061917560527336706,-0.9868310529172264,-1.0819373305087965,1.0819373305087965,1.0819373305087965,NORMAL
2026-09-05 14:12:30,ROUTER-03,58.69,0.09,365.01,52.766,11.760947807610458,0.466,0.3239410097189962,465.2,73.85195792183754,0.5036966175893476,-1.1603469583250032,-1.3566311192849578,1.3566311192849578,1.8603277368743054,NORMAL
2026-09-05 14:13:00,ROUTER-03,51.79,0.04,356.49,54.54299999999999,9.791389698210676,0.395,0.3324738920409749,451.28,80.30328981776233,-0.2811625283641042,-1.0674319557118517,-1.1803984889693078,1.1803984889693078,1.1803984889693078,NORMAL
2026-09-05 14:13:30,ROUTER-03,35.4,0.83,391.56,53.541,11.23500032141638,0.4469999999999999,0.3574306459533817,448.294,82.07263858585527,-1.614671830336893,1.0712368417501736,-0.6912648581922394,0.6912648581922394,1.762501699942413,NORMAL
2026-09-05 14:14:30,ROUTER-03,47.62,0.96,656.26,52.573,11.292008039120388,0.4429999999999999,0.350715142403484,461.856,103.70893941968323,-0.4386249213026324,1.4737106171015317,1.8745135533779085,-1.8745135533779085,1.4737106171015317,NORMAL
2026-09-05 14:16:30,ROUTER-03,36.73,0.87,510.49,50.346,12.053971406415004,0.4549999999999999,0.3641809684453085,456.227,98.79229660139374,-1.1295768492588953,1.1392305279387833,0.5492629176609579,-0.5492629176609579,1.1392305279387833,NORMAL
2026-09-05 14:17:00,ROUTER-03,47.41,0.45,493.8,47.791,9.06538526484141,0.4589999999999999,0.3638513127333235,448.297,91.26447770080084,-0.042027535081616545,-0.024728582327148876,0.49858336220187977,-0.49858336220187977,0.0,NORMAL
2026-09-05 14:17:30,ROUTER-03,75.68,0.34,404.38,51.279,12.23334100817214,0.428,0.3589428923937413,449.662,90.4058473772575,1.9946145964736932,-0.24509606474397364,-0.5008741273518373,0.5008741273518373,2.4954887238255306,NORMAL
2026-09-05 14:20:00,ROUTER-03,39.96,0.39,477.62,50.729,12.64087589264831,0.416,0.3579012899296652,448.616,89.97142820547705,-0.8519120747839565,-0.07262543664328155,0.3223686490437359,-0.3223686490437359,0.0,NORMAL
2026-09-05 14:20:30,ROUTER-03,65.6,0.1,422.84,50.865,12.808591951412213,0.426,0.3461919827045015,448.61800000000005,89.97079128497438,1.1503906921873779,-0.9414021007762772,-0.28651488978085893,0.28651488978085893,1.4369055819682368,NORMAL
2026-09-05 14:29:00,ROUTER-03,44.52,0.47,657.8,50.34,12.965098448441555,0.454,0.3361613369268237,473.625,109.89109237482948,-0.4488940160186732,0.0475820388577169,1.6759759906125573,-1.6759759906125573,0.0475820388577169,NORMAL
2026-09-05 14:31:30,ROUTER-03,40.15,0.52,467.65,48.486,12.963986183955212,0.497,0.3109858874968562,483.889,103.20931002902128,-0.6430071415536339,0.07393456574024901,-0.15734030448806766,0.15734030448806766,0.23127487022831666,NORMAL
2026-09-05 14:35:00,ROUTER-03,28.67,0.11,554.57,46.174,14.301858620473206,0.504,0.3001555152472105,503.697,94.6990466982404,-1.223888312398211,-1.312215696273244,0.5372065300874069,-0.5372065300874069,0.0,NORMAL
2026-09-05 14:39:00,ROUTER-03,40.35,0.81,455.99,46.669,13.96932389201438,0.502,0.2977993358696919,510.14,88.19001807964918,-0.4523450679746537,1.0339062995921766,-0.6140143723483195,0.6140143723483195,1.6479206719404962,NORMAL
2026-09-05 14:39:30,ROUTER-03,63.92,0.58,488.24,48.299,15.005190546385514,0.4639999999999999,0.2538678571400364,493.3379999999999,71.7269491892689,1.0410328245035416,0.4567507136780633,-0.07107499970544742,0.07107499970544742,1.5688585378870523,NORMAL
2026-09-05 14:40:00,ROUTER-03,50.86,0.67,567.26,49.712,14.44973263881852,0.444,0.2245093415527057,499.015,75.38846422954144,0.07944728694752975,1.0061914541829866,0.9052433972904581,-0.9052433972904581,1.0856387411305164,NORMAL
2026-09-05 14:40:30,ROUTER-03,54.03,0.6,516.62,50.374,14.484153946833054,0.4589999999999999,0.229900944853277,501.2969999999999,75.5582552368992,0.2524120340212189,0.6130409598532184,0.2027968972055793,-0.2027968972055793,0.8654529938744373,NORMAL
2026-09-05 14:43:00,ROUTER-03,44.53,0.43,534.07,47.259,11.473848961878648,0.4679999999999999,0.2264606907267341,514.2660000000001,67.80745979937902,-0.23784313570392382,-0.16772547734608373,0.2920618299581006,-0.2920618299581006,0.0,NORMAL
2026-09-05 14:43:30,ROUTER-03,37.41,0.49,533.46,47.004000000000005,11.680563342579148,0.4779999999999999,0.2248357425123866,519.85,66.74523220591999,-0.8213574622108409,0.05334856908896664,0.2039093903677188,-0.2039093903677188,0.05334856908896664,NORMAL
2026-09-05 14:51:30,ROUTER-03,61.02,0.02,523.42,46.54600000000001,10.936480441369069,0.47,0.2406472753037029,529.908,57.43063967372544,1.323448410368763,-1.8691800330131445,-0.11297085910541242,0.11297085910541242,1.4364192694741753,NORMAL
2026-09-05 14:55:30,ROUTER-03,58.8,0.43,435.6,47.974,11.557217273682925,0.466,0.2409794827596245,507.688,43.82396168510713,0.936722575285858,-0.14932834427845074,-1.6449410946429426,1.6449410946429426,2.5816636699288007,NORMAL
2026-09-05 14:59:00,ROUTER-03,58.48,0.7,265.64,49.807,11.631784089773802,0.484,0.2519347358168305,487.487,88.31021421355747,0.7456229732915652,0.8570247243895015,-2.5121301172535278,2.5121301172535278,4.114777814934595,WARNING
2026-09-05 14:59:30,ROUTER-03,215.13,7.18,181.3,68.453,52.30877768915402,1.191,2.1152696176978343,450.16,127.15063079320952,2.8040555729685006,2.831183708933975,-2.1144982677076243,2.1144982677076243,7.749737549610099,ANOMALY
2026-09-05 15:03:30,ROUTER-03,37.24,0.13,581.88,68.142,52.503311599259085,1.123,2.1396679389309163,462.749,133.8477105145993,-0.588571276774633,-0.46406901511765264,0.8900481789129145,-0.8900481789129145,0.0,NORMAL
2026-09-05 15:04:30,ROUTER-03,58.83,0.77,393.06,67.63300000000001,52.57341619107517,1.142,2.1351492271553782,453.2310000000001,135.2108349085481,-0.1674417204283247,-0.17421853864599482,-0.44501578249346213,0.44501578249346213,0.44501578249346213,NORMAL
2026-09-05 15:05:00,ROUTER-03,465.56,15.7,53.94,109.103,135.705003432691,2.645,5.05692319718445,401.899,177.8322169568207,2.6267029830370436,2.5815582588722363,-1.9566691024134133,1.9566691024134133,7.164930344322694,ANOMALY
2026-09-05 15:08:00,ROUTER-03,47.99,0.26,504.18,108.499,135.9905008488134,2.611,5.073316798045763,400.655,176.9820129749536,-0.4449498687579919,-0.46339579293102534,0.5849461183382461,-0.5849461183382461,0.0,NORMAL
2026-09-05 15:09:30,ROUTER-03,59.72,0.72,397.23,110.018,135.2795587580688,2.64,5.060276672277909,386.971,170.699002825311,-0.37180756117925945,-0.3794183959700612,0.06009990580031816,-0.06009990580031816,0.0,NORMAL
2026-09-05 15:11:00,ROUTER-03,36.69,0.1,592.29,109.946,135.3226815348328,2.601,5.080151900616095,392.854,177.19860603916214,-0.5413427005351904,-0.492298423173996,1.1254935459625943,-1.1254935459625943,0.0,NORMAL
2026-09-05 15:12:00,ROUTER-03,60.84,0.32,475.83,109.928,135.32992432488012,2.631,5.06407707945551,388.095,173.91095079251198,-0.3627280808149184,-0.45634265226927534,0.5044820303263761,-0.5044820303263761,0.0,NORMAL
2026-09-05 15:15:00,ROUTER-03,28.72,0.38,622.42,106.92,136.91760782796834,2.6260000000000003,5.066515787227175,406.777,188.963982050078,-0.571145991563452,-0.4432939252394303,1.1411851271441718,-1.1411851271441718,0.0,NORMAL
2026-09-05 15:19:30,ROUTER-03,80.09,0.74,654.81,109.081,136.23696597799326,2.63,5.064841776622662,445.694,196.58808205088215,-0.212798182285304,-0.3731533516778677,1.0637262007228656,-1.0637262007228656,0.0,NORMAL
2026-09-05 15:21:00,ROUTER-03,65.36,0.74,485.35,94.104,131.43085560264927,1.986,4.825808395146521,476.099,173.28385091455493,-0.21870038050168908,-0.25818973299474945,0.05338636354477879,-0.05338636354477879,0.0,NORMAL
2026-09-05 15:21:30,ROUTER-03,58.89,0.6,471.47,96.269,130.56555071006375,2.033,4.807979594151556,465.0580000000001,169.26586837149267,-0.28628509716544387,-0.2980399912145943,0.037881211809377584,-0.037881211809377584,0.0,NORMAL
2026-09-05 15:29:30,ROUTER-03,48.17,0.6,538.03,95.203,130.94814020570638,2.016,4.813239149586387,479.555,168.62119889464253,-0.3591724480307329,-0.29418247000560466,0.34678300062518286,-0.34678300062518286,0.0,NORMAL
2026-09-05 15:30:00,ROUTER-03,72.7,0.53,436.36,55.91700000000001,15.758307897035753,0.499,0.223330845757239,517.797,82.99340844642703,1.0650187575838148,0.13874539074914483,-0.9812454193639524,0.9812454193639524,2.185009567696912,NORMAL
2026-09-05 15:33:30,ROUTER-03,35.61,0.41,630.33,54.679,16.895525015682615,0.514,0.2101428085849644,530.412,89.98643339723749,-1.1286353705352745,-0.49466614672801534,1.110366142886302,-1.110366142886302,0.0,NORMAL
2026-09-05 15:35:30,ROUTER-03,73.15,0.68,665.43,56.022000000000006,17.84768444364707,0.51,0.2061283311164816,557.232,85.74983962408007,0.9596709358565076,0.8243290292834736,1.261785144973048,-1.261785144973048,1.7839999651399814,NORMAL
2026-09-05 15:36:00,ROUTER-03,42.67,1.12,353.47,56.620000000000005,17.217020648184214,0.612,0.2315071393187098,533.35,105.8109976430717,-0.81024000964245,2.1933693473108002,-1.7000107172763856,1.7000107172763856,3.893380064587186,WARNING
2026-09-05 15:38:00,ROUTER-03,54.85,0.67,491.73,56.021,17.15798709380307,0.647,0.2076883348780605,534.9399999999999,104.96671324228836,-0.06824770113347459,0.11068956307627882,-0.4116539186558038,0.4116539186558038,0.5223434817320827,NORMAL
2026-09-05 15:40:00,ROUTER-03,57.7,0.79,554.32,58.919,14.232432016739542,0.688,0.188726727777903,528.13,100.7864469504149,-0.08564885001251159,0.540177766147449,0.2598561096937376,-0.2598561096937376,0.540177766147449,NORMAL
2026-09-05 15:42:00,ROUTER-03,49.59,0.29,526.47,55.86900000000001,12.33267155882209,0.643,0.2250950416551967,515.296,90.51027482495456,-0.5091312986745791,-1.5675300726225119,0.12345546045533777,-0.12345546045533777,0.0,NORMAL
2026-09-05 15:42:30,ROUTER-03,76.58,0.12,616.08,56.991,13.72398828491361,0.5810000000000001,0.2752150674169391,528.369,95.03251320235334,1.4273443592995152,-1.6744452249751316,0.9229568360204576,-0.9229568360204576,1.4273443592995152,NORMAL
2026-09-05 15:46:30,ROUTER-03,68.4,1.13,497.13,57.94200000000001,14.191725914928249,0.634,0.3256856016330597,530.935,93.66200608215286,0.7369030639672184,1.5224736683073454,-0.36092504657485414,0.36092504657485414,2.620301778849418,NORMAL
2026-09-05 15:51:00,ROUTER-03,72.39,0.6,490.95,60.36400000000001,14.403848405509224,0.634,0.3256856016330597,526.2270000000001,94.44572280768767,0.8349099608965749,-0.10436311435977783,-0.3735157252198626,0.3735157252198626,1.2084256861164375,NORMAL
2026-09-05 15:51:30,ROUTER-03,45.93,0.78,396.06,57.687,14.343941074738044,0.659,0.326409762925851,522.197,99.43446317941124,-0.8196434978637781,0.37058616231171804,-1.2685428081220527,1.2685428081220527,1.6391289704337706,NORMAL
2026-09-05 15:52:00,ROUTER-03,49.68,0.2,518.62,59.09400000000001,12.51070403916411,0.638,0.3501047462307677,511.026,91.92814164697651,-0.7524696230977805,-1.2506969271952115,0.0826079109525724,-0.0826079109525724,0.0,NORMAL
2026-09-05 15:52:30,ROUTER-03,38.79,0.53,439.46,55.658,12.932644998865012,0.623,0.3513165713901214,488.429,76.1809994464931,-1.3042861358111022,-0.2646431829669097,-0.6427972339043765,0.6427972339043765,0.6427972339043765,NORMAL
2026-09-05 15:55:30,ROUTER-03,57.74,0.7,585.95,57.165000000000006,12.102414130155164,0.5810000000000001,0.3076957371603377,511.677,65.08423670734486,0.04751078939600658,0.38662003930876443,1.141180870198808,-1.141180870198808,0.434130828704771,NORMAL
2026-09-05 15:59:00,ROUTER-03,57.0,1.29,398.4,57.38000000000001,12.075786608839357,0.643,0.3812858362027966,502.3440000000001,74.30146390063722,-0.031467668777367924,1.6964447511783496,-1.3989476740893834,1.3989476740893834,3.095392425267733,WARNING
2026-09-05 16:02:00,ROUTER-03,53.01,0.61,669.98,56.911,12.15280712885351,0.625,0.3778080053266022,513.91,90.52253752519267,-0.3209931548590727,-0.03969219965858213,1.7240991233443168,-1.7240991233443168,0.0,NORMAL
2026-09-05 16:09:00,ROUTER-03,14.56,0.75,600.74,53.408,18.0939417731154,0.671,0.3600756093439562,521.3370000000001,94.62150343459008,-2.147005101851891,0.21933745081710262,0.8391635431848238,-0.8391635431848238,0.21933745081710262,NORMAL
2026-09-05 16:09:30,ROUTER-03,34.85,0.0,591.72,49.235,16.93069221529026,0.659,0.3818216570308116,518.9010000000001,92.19378738408648,-0.849635375420227,-1.7254847633498696,0.7898462909653725,-0.7898462909653725,0.0,NORMAL
2026-09-05 16:10:00,ROUTER-03,59.29,0.32,422.13,48.324,16.004657794252033,0.5780000000000001,0.355833918812913,511.401,97.08266803205474,0.6851712560085316,-0.7248536494090375,-0.9195349680442214,0.9195349680442214,1.604706224052753,NORMAL
2026-09-05 16:12:00,ROUTER-03,47.26,0.0,434.09,45.811,13.597996952165868,0.518,0.3996053608804835,505.715,100.03379498393934,0.10655902845061016,-1.2959545973037074,-0.7160073094374616,0.7160073094374616,0.8225663378880718,NORMAL
2026-09-05 16:12:30,ROUTER-03,70.62,0.69,442.47,48.28,15.70089310977072,0.509,0.3940234059601301,510.3560000000001,95.34799621503404,1.4228399339974127,0.4592470207626037,-0.7119806550400335,0.7119806550400335,2.59406760980005,NORMAL
2026-09-05 16:14:00,ROUTER-03,42.76,0.31,562.57,47.588,15.784606284464518,0.52,0.3858900246327807,514.751,96.77351066048745,-0.3058656849859648,-0.5440555107603822,0.49413264291403064,-0.49413264291403064,0.0,NORMAL
2026-09-05 16:15:30,ROUTER-03,74.37,0.0,586.56,51.146,17.49813082081122,0.4669999999999999,0.4193129300812346,529.461,95.22486141876053,1.3272198908462758,-1.1134611417667748,0.5996221909600133,-0.5996221909600133,1.3272198908462758,NORMAL
2026-09-05 16:19:30,ROUTER-03,97.9,0.7,558.77,55.162,22.941554631037764,0.4669999999999999,0.4193129300812346,526.7429999999999,93.81074518530455,1.8628996333237344,0.555538428333316,0.3413997596625114,-0.3413997596625114,2.41843806165705,NORMAL
2026-09-05 08:00:00,ROUTER-04,51.64,0.59,441.27,0.0,0.0,0.0,0.0,0.0,0.0,516400.0,5899.999999999999,4412700.0,-4412700.0,522300.0,ANOMALY
2026-09-05 08:05:00,ROUTER-04,35.16,0.37,612.27,0.0,0.0,0.0,0.0,0.0,0.0,351599.99999999994,3700.0,6122699.999999999,-6122699.999999999,355299.99999999994,ANOMALY
2026-09-05 08:07:00,ROUTER-04,24.61,0.65,523.73,37.13666666666666,13.62298180771498,0.5366666666666666,0.1474222959166398,525.7566666666667,85.51801291735755,-0.9195178332976465,0.7682454548929641,-0.023698683209078288,0.023698683209078288,0.7919441381020424,NORMAL
2026-09-05 08:08:00,ROUTER-04,47.63,0.31,515.78,39.76,12.298425373464145,0.48,0.1653279569018299,523.2625,70.00312248988136,0.6399141166127666,-1.0276376688910165,-0.10688793649580393,0.10688793649580393,0.7468020531085706,NORMAL
2026-09-05 08:09:30,ROUTER-04,25.18,0.38,585.72,36.844,12.488143577009357,0.4599999999999999,0.15,535.754,66.74964966200197,-0.9339984384572084,-0.5329780146568949,0.7485571144912279,-0.7485571144912279,0.0,NORMAL
2026-09-05 08:11:00,ROUTER-04,30.65,1.12,417.4,35.81166666666667,11.452390871196576,0.57,0.3009983388658483,516.0283333333333,76.80510488676302,-0.45070253490866735,1.8266457466078807,-1.2841360618560294,1.2841360618560294,3.1107818084639103,WARNING
2026-09-05 08:14:00,ROUTER-04,46.31,0.18,412.83,37.31142857142857,11.18224996526702,0.5142857142857143,0.3118149634455849,501.2857142857143,80.2325816729386,0.8047120199708896,-1.0717206721761912,-1.1024898138927495,1.1024898138927495,1.9072018338636392,NORMAL
2026-09-05 08:14:30,ROUTER-04,45.91,0.63,437.22,38.38625,10.789874800677056,0.52875,0.2915690312773289,493.2775,77.65764312489972,0.6972907851024726,0.34714004279641186,-0.7218533238835008,0.7218533238835008,1.766284151782385,NORMAL
2026-09-05 08:15:30,ROUTER-04,49.19,0.8,387.55,39.586666666666666,10.716236512880815,0.5588888888888889,0.2873344934237989,481.53,80.73973402235109,0.8961395829433243,0.8388384714690883,-1.163985548620073,1.163985548620073,2.8989636030324855,NORMAL
2026-09-05 08:16:00,ROUTER-04,46.54,0.86,501.25,40.282,10.339867611445625,0.5890000000000001,0.2871488193331891,483.50200000000007,76.37715464136583,0.6052243329150114,0.9434329464924914,0.2323728455982972,-0.2323728455982972,1.5486572794075029,NORMAL
2026-09-05 08:20:00,ROUTER-04,50.21,0.55,412.65,40.139,10.173889729214793,0.5850000000000001,0.2874118222264971,480.64,78.63825857120126,0.989877154198509,-0.12173412463167378,-0.864590782861268,0.864590782861268,1.854467937059777,NORMAL
2026-09-05 08:21:00,ROUTER-04,52.97,0.2,513.75,41.92,10.74810991135961,0.5680000000000001,0.3059702236783472,470.788,65.36646911409888,1.0280781721913925,-1.2023384554609127,0.6572472837760356,-0.6572472837760356,1.0280781721913925,NORMAL
2026-09-05 08:24:30,ROUTER-04,51.6,0.49,390.63,44.61900000000001,9.194908554919582,0.5519999999999999,0.3053886412789812,457.478,66.92106972645709,0.7592162593763948,-0.20295353614597975,-0.9989066281005523,0.9989066281005523,1.7581228874769472,NORMAL
2026-09-05 08:25:00,ROUTER-04,46.18,0.2,567.85,44.474,9.153490166172803,0.541,0.3168403032724495,462.685,73.64901210018593,0.18637495988235803,-1.0759123925834961,1.4279194548461438,-1.4279194548461438,0.18637495988235803,NORMAL
2026-09-05 08:25:30,ROUTER-04,72.56,0.35,401.4,49.212,10.253216080820687,0.538,0.3186708507396168,444.253,61.498370899832246,2.2771169654735934,-0.5897653426083336,-0.696814073146604,0.696814073146604,2.9739310386201976,NORMAL
2026-09-05 08:26:00,ROUTER-04,10.24,0.75,544.18,47.171,15.197836432276214,0.5010000000000001,0.2595915595272269,456.9309999999999,68.06488039608483,-2.4300009520745705,0.9588297765753682,1.2818486025013043,-1.2818486025013043,0.9588297765753682,NORMAL
2026-09-05 08:28:00,ROUTER-04,44.86,0.38,520.84,47.026,15.213872470727347,0.521,0.2390002324499102,467.732,68.85435317473478,-0.14236912838954627,-0.5897108445076,0.7713081369657477,-0.7713081369657477,0.0,NORMAL
2026-09-05 08:29:00,ROUTER-04,28.89,0.98,419.32,45.324,16.268095019256418,0.5559999999999999,0.279014137435523,465.942,69.95950905106943,-1.010191971546156,1.5190918091633625,-0.6664131008217423,0.6664131008217423,2.185504909985105,NORMAL
2026-09-05 08:30:30,ROUTER-04,295.96,15.13,77.23,70.001,81.03207423264224,1.989,4.624904683702502,434.91,141.1739900501033,2.7885096523669084,2.8412944199399393,-2.533609388755811,2.533609388755811,8.163413461062659,ANOMALY
2026-09-05 08:32:30,ROUTER-04,33.06,0.49,475.84,68.65299999999999,81.57601867787697,1.952,4.636406175285145,432.369,140.07163313819112,-0.43631641927642517,-0.3153236391214527,0.31034812682093815,-0.31034812682093815,0.0,NORMAL
2026-09-05 08:34:00,ROUTER-04,31.67,0.15,526.8,66.799,82.24965132651525,1.912,4.651546457302609,443.784,142.90863990676002,-0.4271015952442801,-0.3787906102007904,0.5809021901261131,-0.5809021901261131,0.0,NORMAL
2026-09-05 08:34:30,ROUTER-04,60.69,0.86,525.29,67.571,82.14158852588349,1.978,4.62918471343617,444.938,143.58140701358235,-0.08376988741632384,-0.24150599265477976,0.5596263869301701,-0.5596263869301701,0.0,NORMAL
2026-09-05 08:38:30,ROUTER-04,59.24,0.1,489.24,68.335,82.0119644726711,1.939,4.64473046700356,454.799,142.82137215183633,-0.11089831793017137,-0.3959240306108228,0.24114721323825258,-0.24114721323825258,0.0,NORMAL
2026-09-05 08:39:00,ROUTER-04,58.9,0.54,526.71,69.607,81.72831428988772,1.973,4.63181282005221,450.685,139.7628596548056,-0.13100706887598063,-0.30937542559012315,0.5439567120485345,-0.5439567120485345,0.0,NORMAL
2026-09-05 08:39:30,ROUTER-04,45.36,1.08,614.51,66.88699999999999,82.07101871076185,2.0460000000000003,4.609088123841129,471.996,147.4490287221693,-0.26229689978841714,-0.20958137833501383,0.9665299567048085,-0.9665299567048085,0.0,NORMAL
2026-09-05 08:44:00,ROUTER-04,26.65,0.62,519.94,68.52799999999999,80.96918052910968,2.0330000000000004,4.613331045278817,469.572,146.3254683383738,-0.517208498412484,-0.30627964006224884,0.34421872111595325,-0.34421872111595325,0.0,NORMAL
2026-09-05 08:50:00,ROUTER-04,51.71,0.6,550.04,69.213,80.77544484557171,2.055,4.605089575676026,472.492,147.74667184068815,-0.21668687018407087,-0.3159479053121089,0.5248710278666401,-0.5248710278666401,0.0,NORMAL
2026-09-05 08:51:00,ROUTER-04,44.55,0.71,452.61,70.779,80.05543085887426,2.028,4.612877626818211,475.821,146.7874204760067,-0.32763507678486004,-0.2857156714434549,-0.15812652141497266,0.15812652141497266,0.15812652141497266,NORMAL
2026-09-05 08:53:30,ROUTER-04,61.15,0.68,618.53,47.298,13.133965128627327,0.583,0.2948087892553896,529.9509999999999,53.86137111965197,1.0546620459348752,0.32891525628962703,1.644570750828991,-1.644570750828991,1.3835773022245021,NORMAL
2026-09-05 09:00:30,ROUTER-04,64.74,0.18,527.39,50.466,13.13878837640666,0.5519999999999999,0.3208253245753761,535.106,50.46697912716999,1.0863932770470628,-1.1591481616235864,-0.1528917491055261,0.1528917491055261,1.239285026152589,NORMAL
2026-09-05 09:02:30,ROUTER-04,30.81,0.45,537.06,50.38,13.277569221978968,0.5820000000000001,0.2917685536326618,536.132,50.3835792914935,-1.4739032636545224,-0.45225838260784973,0.01841866281005555,-0.01841866281005555,0.0,NORMAL
2026-09-05 09:03:30,ROUTER-04,50.39,0.85,544.65,49.35,12.779060998367552,0.5810000000000001,0.2907251470222651,538.068,50.29255739062072,0.08138249452627226,0.9249544021700631,0.13087397527790004,-0.13087397527790004,1.0063368966963353,NORMAL
2026-09-05 09:06:00,ROUTER-04,40.83,0.56,530.91,47.509,12.519429743846556,0.627,0.2377229947275372,542.235,47.442944036904784,-0.5334864916378174,-0.28172212731892793,-0.23870728006387204,0.23870728006387204,0.23870728006387204,NORMAL
2026-09-05 09:08:00,ROUTER-04,35.36,0.3,462.74,45.155,12.351586717683,0.603,0.2586739689691035,535.838,53.67257706584322,-0.7930091026335069,-1.170906027399444,-1.3619220056850643,1.3619220056850643,1.3619220056850643,NORMAL
2026-09-05 09:11:00,ROUTER-04,37.12,0.98,409.55,44.331,12.608571555361271,0.593,0.2393997122434125,515.342,59.14692155039757,-0.5719079895402503,1.615868329756812,-1.788627681105759,1.788627681105759,3.4044960108625713,WARNING
2026-09-05 09:11:30,ROUTER-04,60.5,0.89,549.82,47.716,11.85571235968359,0.62,0.2573367875415964,518.3299999999999,60.1512301527482,1.0782896702610416,1.048801154560607,0.5235129451008724,-0.5235129451008724,2.1270908248216487,NORMAL
2026-09-05 09:12:00,ROUTER-04,41.37,0.99,550.36,46.682,11.91940229672234,0.659,0.2823099163842732,518.362,60.170056192613096,-0.4456561916566528,1.1720551609441736,0.5317918719966418,-0.5317918719966418,1.1720551609441736,NORMAL
2026-09-05 09:12:30,ROUTER-04,51.83,0.72,435.65,47.41,11.99678660679132,0.6599999999999999,0.2825282680055725,516.6659999999999,62.42605068754904,0.36842892200863875,0.21229298974020905,-1.2977894537418384,1.2977894537418384,1.8785113654906862,NORMAL
2026-09-05 09:13:00,ROUTER-04,88.4,0.52,571.63,50.135,17.360370739768808,0.644,0.2857815793768338,511.976,55.27498132066624,2.2041453007575296,-0.4337460296333044,1.0792204837100179,-1.0792204837100179,2.2041453007575296,NORMAL
2026-09-05 09:14:30,ROUTER-04,39.45,0.25,565.63,47.60600000000001,16.830353003494043,0.651,0.2737578004977022,515.8,57.728139296764674,-0.4845977703812726,-1.4642635677027742,0.8631823975063226,-0.8631823975063226,0.0,NORMAL
2026-09-05 09:18:00,ROUTER-04,59.49,0.31,485.86,50.474,16.07695604135168,0.637,0.2883689766023264,510.68,57.90328584036587,0.560799189653256,-1.1335707702488618,-0.42864505485786913,0.42864505485786913,0.9894442445111251,NORMAL
2026-09-05 09:23:00,ROUTER-04,55.7,0.05,403.74,51.005,16.161342937873517,0.5569999999999999,0.3305903809853011,496.589,65.38072642436602,0.2905062387095095,-1.5331561761469428,-1.4201258240045307,1.4201258240045307,1.7106320627140401,NORMAL
2026-09-05 09:24:30,ROUTER-04,286.67,17.22,66.92,75.58900000000001,75.82247694450504,2.223,5.279768618667552,450.19,149.21297270084222,2.7838805868401355,2.840411586564194,-2.568608722162161,2.568608722162161,8.19290089556649,ANOMALY
2026-09-05 09:26:30,ROUTER-04,25.09,0.9,514.51,74.562,76.49448880656551,2.2829999999999995,5.258855071844694,455.367,150.58852974247426,-0.6467385572213681,-0.2629799990884657,0.3927454556239872,-0.3927454556239872,0.0,NORMAL
2026-09-05 09:27:00,ROUTER-04,56.44,0.0,547.6,76.494,75.68343326720262,2.185,5.294842878793582,469.172,152.24034220782477,-0.2649717730434023,-0.4126578983034918,0.5151587768835908,-0.5151587768835908,0.0,NORMAL
2026-09-05 09:32:30,ROUTER-04,42.26,0.48,715.44,74.67,76.3287681313176,2.1439999999999992,5.307556876756008,485.734,169.96565850521432,-0.42460999086533335,-0.31350933917510904,1.351483981362946,-1.351483981362946,0.0,NORMAL
2026-09-05 09:36:00,ROUTER-04,68.84,0.03,573.23,77.417,75.48683947844448,2.048,5.339335788903584,488.021,171.08206350884498,-0.11362230419275622,-0.3779425541915511,0.4980589340956907,-0.4980589340956907,0.0,NORMAL
2026-09-05 09:37:00,ROUTER-04,47.2,0.36,490.66,76.95400000000001,75.67517957986254,2.012,5.350486582234056,493.5220000000001,170.0925515254694,-0.39317991509499023,-0.3087511947727856,-0.016826123729228412,0.016826123729228412,0.016826123729228412,NORMAL
2026-09-05 09:39:30,ROUTER-04,27.72,0.23,565.13,70.886,77.07526252523137,1.983,5.360248854090431,492.872,169.77302028820066,-0.5600492632891501,-0.32703095408842703,0.4256150789791543,-0.4256150789791543,0.0,NORMAL
2026-09-05 09:42:00,ROUTER-04,42.24,0.46,477.69,71.165,76.95377952598126,2.004,5.35311166000154,484.078,167.85222600053106,-0.3758744871366012,-0.28842498635661196,-0.038057262310322505,0.038057262310322505,0.038057262310322505,NORMAL
2026-09-05 09:44:00,ROUTER-04,43.32,0.55,495.81,69.548,77.39498200787955,2.028,5.345205120271604,485.073,167.89344901851695,-0.33888458180494907,-0.2765043279559129,0.06395123614199043,-0.06395123614199043,0.0,NORMAL
2026-09-05 09:44:30,ROUTER-04,71.8,0.63,636.33,71.158,77.24221108521773,2.0859999999999994,5.324463874941359,508.3320000000001,171.4473370260773,0.008311506879846048,-0.273449625959466,0.7465728401675163,-0.7465728401675163,0.008311506879846048,NORMAL
2026-09-05 09:45:30,ROUTER-04,42.16,0.92,495.04,46.707,15.326739198030488,0.4559999999999997,0.3165508560159746,551.144,75.68293102733838,-0.2966691267031951,1.4653363197495737,-0.74130223431107,0.74130223431107,2.2066385540606435,NORMAL
2026-09-05 09:48:00,ROUTER-04,34.94,0.79,625.03,47.692,14.04613731006974,0.4449999999999997,0.3009337320924874,562.196,77.77944489959317,-0.907858789403914,1.146050967783255,0.8078473598825158,-0.8078473598825158,1.146050967783255,NORMAL
2026-09-05 09:48:30,ROUTER-04,38.48,0.59,478.08,45.896,13.951196842326222,0.5039999999999997,0.2588950881470493,555.2439999999999,82.2097139704979,-0.5315634871663636,0.3320526293192564,-0.9386227297350566,0.9386227297350566,1.270675359054313,NORMAL
2026-09-05 09:51:30,ROUTER-04,46.79,0.44,487.28,46.349,13.893442457984744,0.4999999999999996,0.2596150997149468,532.4280000000001,61.98259788037265,0.031741364834319545,-0.231022378236203,-0.7283968194985045,0.7283968194985045,0.7601381843328241,NORMAL
2026-09-05 09:54:30,ROUTER-04,57.39,0.19,412.22,45.20399999999999,12.202905118590946,0.5159999999999997,0.2307572076640091,516.327,70.52920593626433,0.9986064810736633,-1.4121283164546543,-1.4760814475344335,1.4760814475344335,2.474687928608097,NORMAL
2026-09-05 09:56:00,ROUTER-04,40.43,0.79,451.37,44.527,12.267490053887228,0.5589999999999996,0.2383950968921632,512.3979999999999,73.16311043749353,-0.3339694252908122,0.9685733711517276,-0.8341350746511971,0.8341350746511971,1.8027084458029248,NORMAL
2026-09-05 09:56:30,ROUTER-04,42.04,0.63,456.87,45.959,10.840384833267366,0.5989999999999996,0.2087768612125859,501.572,72.4999913869726,-0.361515196070691,0.14841280082454847,-0.6165785331414412,0.6165785331414412,0.7649913339659896,NORMAL
2026-09-05 09:58:30,ROUTER-04,67.84,0.78,517.64,48.51899999999999,12.723716656525928,0.6309999999999996,0.2096266522495049,505.567,72.13757628463968,1.5184909152310404,0.7104485691343609,0.16736053366014356,-0.16736053366014356,2.2289394843654016,NORMAL
2026-09-05 10:03:00,ROUTER-04,73.21,0.74,411.82,51.508,14.72077654956497,0.6499999999999997,0.2100793500878533,497.168,78.04723509943615,1.474232864254359,0.42820572031639176,-1.0935415013371366,1.0935415013371366,2.9959800859078873,NORMAL
2026-09-05 10:04:00,ROUTER-04,40.81,0.89,532.69,48.409000000000006,13.15275759003495,0.6759999999999996,0.223019680247684,486.804,62.93202985938255,-0.5777451742317399,0.9591265089768869,0.7291347059527326,-0.7291347059527326,0.9591265089768869,NORMAL
2026-09-05 10:05:30,ROUTER-04,55.02,0.84,429.07,49.695,13.1024707169636,0.6679999999999996,0.214569336113065,480.207,65.3827554652006,0.4064087967948035,0.8012322724537102,-0.7821163458854619,0.7821163458854619,1.9897574151339756,NORMAL
2026-09-05 10:06:00,ROUTER-04,59.88,0.17,542.79,52.189,12.332867063258233,0.6059999999999997,0.2601367161919146,471.983,48.0054756251826,0.6236131143909928,-1.6753977162794598,1.4749745019796463,-1.4749745019796463,0.6236131143909928,NORMAL
2026-09-05 10:12:00,ROUTER-04,87.9,0.79,320.94,57.13099999999999,15.67730734391449,0.6259999999999997,0.2663831826523618,456.26900000000006,67.53455715409709,1.9626331908728285,0.6154234513700816,-2.0038452211464306,2.0038452211464306,4.581901863389341,WARNING
2026-09-05 10:13:00,ROUTER-04,42.66,0.13,451.45,56.718,16.03042094130891,0.5949999999999996,0.3055868670825612,452.686,66.6511727328685,-0.8769521621580038,-1.5211644662327297,-0.018544282041751126,0.018544282041751126,0.018544282041751126,NORMAL
2026-09-05 10:14:30,ROUTER-04,77.7,0.58,460.02,58.749,17.356755617210126,0.6339999999999997,0.2710965387704809,457.466,65.12314475071231,1.0918452292251142,-0.19911758551498698,0.039217947597306076,-0.039217947597306076,1.0918452292251142,NORMAL
2026-09-05 10:16:30,ROUTER-04,66.63,0.5,530.64,61.36899999999999,16.224785874293264,0.6049999999999998,0.2680485030736071,465.393,69.00733907024353,0.3242549772467454,-0.39157406734124905,0.945506758098707,-0.945506758098707,0.3242549772467454,NORMAL
2026-09-05 10:21:30,ROUTER-04,37.75,0.41,522.99,60.94,16.83778686961758,0.5829999999999995,0.2747139926865383,472.005,71.23178367523558,-1.3772512061382371,-0.6295167080423337,0.7157609397563274,-0.7157609397563274,0.0,NORMAL
2026-09-05 10:23:00,ROUTER-04,50.43,0.85,454.41,59.199,16.944808742896242,0.5899999999999996,0.2811089152307764,465.682,69.51652925743635,-0.5175005739512287,0.9245795062600672,-0.16214825316482387,0.16214825316482387,1.0867277594248912,NORMAL
2026-09-05 10:24:30,ROUTER-04,50.7,0.63,560.05,56.948,16.36185862846203,0.5789999999999996,0.2767048166468325,480.505,72.49515052746631,-0.3818613738046891,0.18424534882667828,1.0972442942294918,-1.0972442942294918,0.18424534882667828,NORMAL
2026-09-05 10:26:30,ROUTER-04,82.45,0.54,600.57,61.112,17.081249498922613,0.5439999999999997,0.2542177544284985,487.293,80.6442683848848,1.2491987241023241,-0.01572835529705132,1.4046486105436669,-1.4046486105436669,1.2491987241023241,NORMAL
2026-09-05 10:27:00,ROUTER-04,45.38,1.02,457.17,60.148,17.723218167765747,0.5619999999999996,0.2823236912954142,490.103,78.85993110854486,-0.8332525467414603,1.6216769843183376,-0.41761332752545094,0.41761332752545094,2.0392903118437884,NORMAL
2026-09-05 10:29:00,ROUTER-04,48.57,0.0,554.84,59.01700000000001,18.09910620874841,0.5449999999999996,0.3120986311337447,491.308,79.84042248273877,-0.5772076343851125,-1.7456835029059552,0.7957362755702835,-0.7957362755702835,0.0,NORMAL
2026-09-05 10:32:30,ROUTER-04,34.6,0.72,559.6,53.687,16.418390806247313,0.5379999999999996,0.3067318771247067,515.1740000000001,55.08893803054584,-1.1625307237579536,0.5931587086241028,0.8064399304879228,-0.8064399304879228,0.5931587086241028,NORMAL
2026-09-05 10:33:30,ROUTER-04,39.5,0.57,494.86,53.371,16.682491453949876,0.5819999999999996,0.2712030809395659,519.5150000000001,51.07357160671898,-0.8314655452834827,-0.044230975772341995,-0.48273404328261776,0.48273404328261776,0.48273404328261776,NORMAL
2026-09-05 10:47:00,ROUTER-04,46.38,0.0,596.48,50.239,14.389924291361323,0.5239999999999996,0.3277939732345465,533.1610000000001,51.63806788062874,-0.26817188921054463,-1.5980775579097823,1.2262053941645188,-1.2262053941645188,0.0,NORMAL
2026-09-05 10:48:30,ROUTER-04,71.66,0.3,621.68,50.742,15.09706947280386,0.5039999999999997,0.3354333846765365,542.2650000000001,58.688291705699726,1.3855577389974871,-0.6079871908920818,1.353163678402303,-1.353163678402303,1.3855577389974871,NORMAL
2026-09-05 10:49:30,ROUTER-04,66.76,0.91,639.79,53.643,15.110407781834777,0.5539999999999997,0.3564703509565877,553.9449999999999,65.63723219332121,0.8680714235009835,0.998400453220361,1.3078685121930504,-1.3078685121930504,1.8664718767213446,NORMAL
2026-09-05 10:50:30,ROUTER-04,56.85,1.44,481.08,54.285,15.095104614852223,0.6129999999999997,0.4479843747275138,556.612,61.55862549905817,0.16992151252300963,1.845634542607986,-1.2269909649308057,1.2269909649308057,3.2425470200618016,WARNING
2026-09-05 10:51:30,ROUTER-04,56.72,0.57,411.5,54.887,15.056237577827988,0.6069999999999997,0.4481331647326885,541.757,76.69864681552932,0.12174275387523725,-0.08254632390279573,-1.6982937193652636,1.6982937193652636,1.820036473240501,NORMAL
2026-09-05 10:56:30,ROUTER-04,28.54,0.84,521.6,49.496,13.678975107806858,0.6369999999999997,0.4531629581802424,533.86,73.98787543314842,-1.5319749204418136,0.44786364368931353,-0.16570260137848306,0.16570260137848306,0.6135662450677966,NORMAL
2026-09-05 10:58:00,ROUTER-04,62.61,0.7,390.53,51.21900000000001,14.178926028911109,0.6049999999999995,0.4340058883369126,527.196,83.98802509881978,0.8033697079597486,0.2188406159703373,-1.6272062251562336,1.6272062251562336,2.6494165490863195,NORMAL
2026-09-05 11:00:00,ROUTER-04,43.22,0.84,601.1,50.684000000000005,14.389355788220668,0.6889999999999996,0.3820834696473784,531.822,86.90320730559937,-0.5187131542605038,0.3950981975733292,0.7971848500124493,-0.7971848500124493,0.3950981975733292,NORMAL
2026-09-05 11:00:30,ROUTER-04,234.28,11.55,68.16,70.652,58.9962973979441,1.7719999999999998,3.456802633134331,482.678,169.32185412534454,2.7735252865745674,2.828543652424022,-2.4481054576841426,2.4481054576841426,8.050174396682733,ANOMALY
2026-09-05 11:01:00,ROUTER-04,26.24,0.27,543.48,69.326,59.91611157832813,1.7419999999999998,3.469671133951715,487.54,170.40510692660203,-0.7191042101130495,-0.4242354735148027,0.3282763538093928,-0.3282763538093928,0.0,NORMAL
2026-09-05 11:02:00,ROUTER-04,61.79,0.21,521.12,70.86699999999999,59.45679048220181,1.7629999999999997,3.458574047847529,480.004,166.6776276529037,-0.15266523234539411,-0.449016003970219,0.2466796288801199,-0.2466796288801199,0.0,NORMAL
2026-09-05 11:03:00,ROUTER-04,35.5,0.31,558.6,67.251,60.49373768324195,1.7639999999999998,3.458105454339606,473.696,161.84362055872194,-0.524863378089099,-0.42044928191742204,0.5246048453835079,-0.5246048453835079,0.0,NORMAL
2026-09-05 11:04:00,ROUTER-04,49.95,0.79,367.61,65.57000000000001,60.741946516938896,1.7519999999999996,3.461604637544078,446.478,153.47784674017296,-0.25715300842957467,-0.27789777023914286,-0.5138718732895078,0.5138718732895078,0.5138718732895078,NORMAL
2026-09-05 11:05:30,ROUTER-04,63.16,0.65,507.47,66.201,60.674033151661234,1.6729999999999996,3.4784896147609814,449.117,154.36325390670763,-0.05012020513583119,-0.2940847048065172,0.3780236599113202,-0.3780236599113202,0.0,NORMAL
2026-09-05 11:08:00,ROUTER-04,203.07,16.25,182.13,80.83599999999998,74.26188362814398,3.241,5.730862742884161,426.18,176.08649616973292,1.6459835036466153,2.2699501957419983,-1.3859657992636532,1.3859657992636532,5.301899498652267,WARNING
2026-09-05 11:11:30,ROUTER-04,58.59,0.28,487.58,83.841,72.4976312946384,3.185,5.759595375448599,422.778,174.35829482228073,-0.3483005543632431,-0.504366951832716,0.37165976473946705,-0.37165976473946705,0.0,NORMAL
2026-09-05 11:19:00,ROUTER-04,76.04,0.75,453.31,85.184,72.18434936558846,3.19,5.757219622159447,429.056,174.19831337364394,-0.12667548315966082,-0.4238083275086278,0.13923203736636114,-0.13923203736636114,0.0,NORMAL
2026-09-05 11:22:00,ROUTER-04,57.84,0.52,596.02,86.64599999999999,71.38360007732867,3.158,5.772601570253127,428.54800000000006,173.64738541717884,-0.40353750182177395,-0.45697841260211314,0.9644366550869271,-0.9644366550869271,0.0,NORMAL
2026-09-05 11:23:30,ROUTER-04,82.13,0.11,592.31,71.431,49.182426050594735,2.014,5.007590238827453,480.963,125.09813481600932,0.2175366102382336,-0.38021521084455495,0.8900765079840312,-0.8900765079840312,0.2175366102382336,NORMAL
2026-09-05 11:24:30,ROUTER-04,56.54,0.56,468.92,74.461,46.97269382902745,2.0429999999999997,4.9971971032658775,473.507,123.16503346233372,-0.38151871624304967,-0.2967604225553883,-0.03724268281983214,0.03724268281983214,0.03724268281983214,NORMAL
2026-09-05 11:26:30,ROUTER-04,218.27,13.42,106.39,90.109,64.91856513270211,3.364,6.0861741312219735,432.034,167.27702433720876,1.9741779923851237,1.6522423708149676,-1.9467336092145175,1.9467336092145175,5.573153972414609,WARNING
2026-09-05 11:29:30,ROUTER-04,73.61,1.33,535.75,93.92,62.42739587357103,3.466,6.037658118472388,429.749,165.50269211976254,-0.32533741287864687,-0.3537736951510123,0.6404786205860178,-0.6404786205860178,0.0,NORMAL
2026-09-05 11:30:30,ROUTER-04,28.03,0.35,513.64,91.728,64.4934969676099,3.422,6.060885157210032,444.352,165.85275878186525,-0.9876639386696097,-0.5068482961628124,0.4177678968508448,-0.4177678968508448,0.0,NORMAL
2026-09-05 11:34:30,ROUTER-04,63.25,0.84,336.0,91.737,64.4890735017267,3.441,6.051520378292456,427.205,167.45822571946454,-0.4417330608096141,-0.42980224095515823,-0.5446429707698837,0.5446429707698837,0.5446429707698837,NORMAL
2026-09-05 11:36:00,ROUTER-04,72.15,0.4,534.04,78.645,51.3205335232508,1.856,4.077622400915077,462.396,145.81122233902303,-0.12655728415857204,-0.35706206966743514,0.49134730314990144,-0.49134730314990144,0.0,NORMAL
2026-09-05 11:37:00,ROUTER-04,40.62,0.75,390.27,76.848,52.40396503234377,1.903,4.060109604431879,452.665,147.1843951005375,-0.6913204152700767,-0.28397548706388337,-0.42392372890486735,0.42392372890486735,0.42392372890486735,NORMAL
2026-09-05 11:37:30,ROUTER-04,55.94,0.24,443.24,74.838,52.822207619312685,1.852,4.079359426838156,451.658,147.21393712704128,-0.3577655133167749,-0.3951503940436059,-0.057182047067532875,0.057182047067532875,0.057182047067532875,NORMAL
2026-09-05 11:39:00,ROUTER-04,41.75,0.1,638.79,73.22900000000001,53.63629108272782,1.81,4.096722267048784,455.93500000000006,152.403908031695,-0.5868963098476808,-0.4173966768716642,1.1998044038446292,-1.1998044038446292,0.0,NORMAL
2026-09-05 11:42:30,ROUTER-04,7.27,0.46,473.37,65.74300000000001,57.35137837150132,1.8449999999999995,4.082053540941264,444.041,145.04165182993322,-1.0195552348491157,-0.33928170170704697,0.20221074021768115,-0.20221074021768115,0.0,NORMAL
2026-09-05 11:45:30,ROUTER-04,67.41,0.46,501.47,66.83,57.26050937018751,1.835,4.085672119329531,447.296,146.02393336558077,0.010129127272298515,-0.3365336978768252,0.37099372446706674,-0.37099372446706674,0.010129127272298515,NORMAL
2026-09-05 11:47:00,ROUTER-04,49.3,0.79,398.45,49.933,21.15297354983451,0.5719999999999997,0.3594069188723777,476.502,87.90527007333901,-0.029924729307479525,0.6063861042891047,-0.8879093499621425,0.8879093499621425,1.4942954542512472,NORMAL
2026-09-05 11:54:30,ROUTER-04,56.45,0.13,524.8,48.217,19.662313105702115,0.4519999999999997,0.2665332999833288,475.407,87.15019577335062,0.41871768005995297,-1.2076511074203136,0.5667565389388349,-0.5667565389388349,0.41871768005995297,NORMAL
2026-09-05 11:58:00,ROUTER-04,60.91,0.69,492.44,51.505,18.633741349140408,0.4859999999999996,0.2736664636621307,473.287,86.37117987049979,0.5047268474481164,0.7451606645720027,0.22175195306491863,-0.22175195306491863,1.249887512020119,NORMAL
2026-09-05 12:00:30,ROUTER-04,20.03,0.18,546.68,47.18300000000001,20.523375859411267,0.4199999999999996,0.2579405616287145,494.355,73.96698381335041,-1.3230215089296726,-0.9300863340443631,0.7074092596652529,-0.7074092596652529,0.0,NORMAL
2026-09-05 12:04:00,ROUTER-04,66.62,0.14,441.63,46.63,19.83898630922901,0.3939999999999997,0.2728532369038203,485.114,74.2301958923875,1.0076068871529023,-0.9305623295813886,-0.5857985540437455,0.5857985540437455,1.5934054411966478,NORMAL
2026-09-05 12:06:00,ROUTER-04,40.64,0.4,536.05,46.632,19.838314108478706,0.3589999999999996,0.2429197398319116,499.692,67.54834380731407,-0.30204027233402125,0.1687105748214475,0.5382507419965631,-0.5382507419965631,0.1687105748214475,NORMAL
2026-09-05 12:10:00,ROUTER-04,86.05,0.43,484.46,49.643,23.377356114173544,0.3779999999999996,0.2399907405621289,503.814,64.92755402070144,1.557355078422188,0.21658477906416473,-0.29808561993983707,0.29808561993983707,2.0720254774261897,NORMAL
2026-09-05 12:13:00,ROUTER-04,59.58,0.49,539.3,51.426,23.388412705630262,0.4169999999999996,0.2207084552576668,493.865,47.13007420368063,0.348632685738803,0.330603281993051,0.9640320827936107,-0.9640320827936107,0.679235967731854,NORMAL
2026-09-05 12:13:30,ROUTER-04,32.85,0.42,471.36,53.984,19.011816325643323,0.4129999999999996,0.2202044504545794,493.664,47.23137027207421,-1.1116186100342975,0.03177421057793655,-0.4722275184642579,0.4722275184642579,0.5040017290421944,NORMAL
2026-09-05 12:15:30,ROUTER-04,38.69,0.83,605.46,51.112,18.92736866139725,0.4499999999999996,0.2569911368986246,504.063,59.09807386408154,-0.6562948391157445,1.4780750693472597,1.7157382939310535,-1.7157382939310535,1.4780750693472597,NORMAL
2026-09-05 12:16:30,ROUTER-04,54.93,0.72,467.08,51.675,18.951199463651616,0.4429999999999996,0.247478394118676,510.926,48.506436961156574,0.17175603215194066,1.1188375342123804,-0.9039194044116431,0.9039194044116431,2.194512970775964,NORMAL
2026-09-05 12:17:00,ROUTER-04,54.82,0.63,492.86,51.512,18.912536582912352,0.4929999999999996,0.2268651092120177,507.732,48.54293169739307,0.1749095101308504,0.6036170073701633,-0.3063673503688211,0.3063673503688211,1.0848938678698348,NORMAL
2026-09-05 12:20:00,ROUTER-04,67.84,0.53,576.12,52.205,19.415443595241346,0.4769999999999996,0.2168486415298384,516.1,52.65251392120049,0.8052826295232891,0.24429745043004103,1.1399244126763672,-1.1399244126763672,1.0495800799533301,NORMAL
2026-09-05 12:21:00,ROUTER-04,58.96,0.13,537.88,56.098,15.816587495411197,0.4719999999999996,0.2248851558759189,515.22,52.15582741490468,0.18094812841376157,-1.5201002869212195,0.43446643791294914,-0.43446643791294914,0.18094812841376157,NORMAL
2026-09-05 12:22:30,ROUTER-04,70.64,0.52,329.82,56.5,16.16106844652702,0.5099999999999997,0.1922960680247535,504.03899999999993,76.15014210973824,0.8749367378222359,0.051976114182924735,-2.2878325160008974,2.2878325160008974,3.2147453680060583,WARNING
2026-09-05 12:29:30,ROUTER-04,65.15,0.32,369.5,58.951,15.325469323971705,0.5019999999999996,0.1989304736166287,487.3839999999999,85.95331125416611,0.4044874202685412,-0.9144328337909042,-1.371487161241505,1.371487161241505,1.775974581510046,NORMAL
2026-09-05 12:31:30,ROUTER-04,45.13,0.67,525.05,54.859,12.48576829834664,0.5259999999999996,0.2036991245276624,491.4429999999999,86.75455057549176,-0.7792009147884652,0.7065781088792402,0.3873798093481576,-0.3873798093481576,0.7065781088792402,NORMAL
2026-09-05 12:39:30,ROUTER-04,45.79,1.13,439.81,53.48,12.666632456094076,0.5899999999999996,0.2780887148615272,481.494,86.36036683571929,-0.6071021099289321,1.9411283461616828,-0.4826745561634601,0.4826745561634601,2.423802902325143,NORMAL
2026-09-05 12:41:30,ROUTER-04,33.45,0.5,541.25,53.540000000000006,12.559017123609202,0.5979999999999996,0.2737720057111638,488.483,88.25634192509908,-1.599634735648249,-0.35783138822649263,0.5978827023729549,-0.5978827023729549,0.0,NORMAL
2026-09-05 12:42:00,ROUTER-04,52.7,0.44,578.27,54.94100000000001,11.450935381492164,0.5589999999999996,0.2646780014365513,485.764,84.59497899468451,-0.19570282732878835,-0.4494331075631884,1.0935151441351871,-1.0935151441351871,0.0,NORMAL
2026-09-05 12:42:30,ROUTER-04,70.88,0.39,541.77,56.536,12.511002446735434,0.5259999999999996,0.2629406354631792,493.233,86.04683144143723,1.1465016820913991,-0.5170303811064091,0.5640758965708593,-0.5640758965708593,1.1465016820913991,NORMAL
2026-09-05 12:44:00,ROUTER-04,35.16,0.0,437.58,54.57000000000001,14.236353309592788,0.4629999999999996,0.3070305811768281,487.705,87.8306731096198,-1.3634013737762334,-1.5075021127037522,-0.5706997470856827,0.5706997470856827,0.5706997470856827,NORMAL
2026-09-05 12:48:30,ROUTER-04,444.51,10.66,87.73,92.237,124.50486184616778,1.4759999999999995,3.241416699874026,438.866,148.2259361920174,2.829389245026646,2.8332416119765527,-2.368922552480089,2.368922552480089,8.031553409483289,ANOMALY
2026-09-05 12:49:30,ROUTER-04,56.61,0.3,349.6,92.002,124.57684721577368,1.4929999999999997,3.23401041020794,420.038,146.1954795470777,-0.2840975059269933,-0.36888041800752697,-0.4818066334031505,0.4818066334031505,0.4818066334031505,NORMAL
2026-09-05 12:50:00,ROUTER-04,49.71,0.63,557.02,89.909,125.15012739816837,1.5039999999999996,3.230518362258429,442.758,148.25685704958886,-0.32120596850460326,-0.2705364428712688,0.7707024498134124,-0.7707024498134124,0.0,NORMAL
2026-09-05 12:53:00,ROUTER-04,51.83,0.72,517.78,88.577,125.51327924876225,1.5439999999999996,3.216675993078016,457.586,147.52918017953075,-0.2927735690007118,-0.2561570969732163,0.40801392053664814,-0.40801392053664814,0.0,NORMAL
2026-09-05 12:54:00,ROUTER-04,50.73,0.21,423.81,89.137,125.31022260773456,1.4979999999999996,3.2338068381810725,447.462,145.84931499477278,-0.3064951011276815,-0.398279871514308,-0.16216725998419446,0.16216725998419446,0.16216725998419446,NORMAL
2026-09-05 12:57:00,ROUTER-04,31.34,0.12,594.68,87.69200000000001,125.94730713013809,1.3969999999999998,3.2622250416276035,462.949,152.99394283217012,-0.447424852039812,-0.39143861623392767,0.8610204525708552,-0.8610204525708552,0.0,NORMAL
2026-09-05 13:00:30,ROUTER-04,54.18,0.48,458.04,89.765,125.12322985760876,1.3949999999999996,3.262842148938389,454.628,150.50469913667888,-0.28439940049945905,-0.2804217660732043,0.022670373433749932,-0.022670373433749932,0.0,NORMAL
2026-09-05 13:01:30,ROUTER-04,82.18,0.43,557.72,92.713,124.49864560173602,1.3939999999999997,3.263168875665357,452.573,148.7590767389413,-0.08460326205771115,-0.29540930788409125,0.7068269824087786,-0.7068269824087786,0.0,NORMAL
2026-09-05 13:03:00,ROUTER-04,59.51,0.72,609.64,91.576,124.7718123616067,1.4269999999999996,3.253541830750673,459.36,154.7100047759607,-0.2569969426057058,-0.21729496876946722,0.9713651232905823,-0.9713651232905823,0.0,NORMAL
2026-09-05 13:08:00,ROUTER-04,48.68,0.0,414.33,92.928,124.16434859581156,1.4269999999999996,3.253541830750673,457.035,155.2474535307352,-0.3563660975456755,-0.43858546030272955,-0.27507679849876343,0.27507679849876343,0.27507679849876343,NORMAL
2026-09-05 13:09:00,ROUTER-04,257.7,10.34,76.67,74.247,65.6600511134603,1.3949999999999996,3.152650560331029,455.929,158.18240676510143,2.7939777306176836,2.837205109896421,-2.3976039307759467,2.3976039307759467,8.02878677129005,ANOMALY
2026-09-05 13:09:30,ROUTER-04,74.59,0.72,515.16,76.04499999999999,65.36895852687945,1.4369999999999996,3.139210976591977,472.485,154.4367932737101,-0.02225823704347363,-0.2283940665153128,0.2763264599240974,-0.2763264599240974,0.0,NORMAL
2026-09-05 13:11:00,ROUTER-04,443.52,11.97,176.57,115.42599999999996,132.20086503331038,2.571,4.547588982697925,434.44,176.57287095008556,2.4817821860629454,2.0667640280061605,-1.460416045629633,1.460416045629633,6.008962259698738,ANOMALY
2026-09-05 13:11:30,ROUTER-04,74.43,0.71,575.03,117.686,131.1821309138981,2.57,4.548042313885051,440.165,180.46053586741772,-0.32973978029380535,-0.40895817932556655,0.7473374974644534,-0.7473374974644534,0.0,NORMAL
2026-09-05 13:13:00,ROUTER-04,41.27,1.09,366.51,116.73999999999998,131.7514972295276,2.658,4.505620687294679,434.435,181.9411654140487,-0.5728203800711569,-0.348002042031029,-0.3733347673790288,0.3733347673790288,0.3733347673790288,NORMAL
2026-09-05 13:14:00,ROUTER-04,40.26,0.99,486.18,117.632,131.1378354421196,2.745,4.459330418098414,423.5849999999999,174.40220088124528,-0.5900047132749754,-0.3935480174502567,0.3589115492382324,-0.3589115492382324,0.0,NORMAL
2026-09-05 13:14:30,ROUTER-04,31.64,0.53,561.75,115.378,132.53588594121297,2.75,4.456535774692166,433.956,179.68243370519622,-0.6318133102140457,-0.4981335949881034,0.711221048394557,-0.711221048394557,0.0,NORMAL
2026-09-05 13:16:00,ROUTER-04,53.51,0.44,518.32,112.511,133.63931344813503,2.751,4.455958432880131,430.016,177.080180721741,-0.4414940059797409,-0.518619770097204,0.4986664785039418,-0.4986664785039418,0.0,NORMAL
2026-09-05 13:19:00,ROUTER-04,68.42,0.12,529.41,113.402,133.2758902761069,2.691,4.490252281949819,421.99300000000005,169.7014418225923,-0.33751015398055656,-0.5725608679601436,0.6329759815163891,-0.6329759815163891,0.0,NORMAL
2026-09-05 13:20:00,ROUTER-04,75.09,0.77,429.51,116.04299999999998,132.10740142861874,2.768,4.445356628613227,423.511,169.69317235331934,-0.3099975365299599,-0.44944764214768235,0.035352020246915944,-0.035352020246915944,0.0,NORMAL
2026-09-05 13:36:30,ROUTER-04,17.71,0.93,476.96,92.044,125.12857513595988,1.827,3.575207997057265,463.54,118.1791778050037,-0.5940604735024295,-0.25088747619458107,0.1135562871025749,-0.1135562871025749,0.0,NORMAL
2026-09-05 13:46:00,ROUTER-04,66.29,0.66,640.9,91.214,125.28464490466855,1.821,3.577321934383628,476.1139999999999,130.34473651735152,-0.198938825464865,-0.3245353836631055,1.264231130306905,-1.264231130306905,0.0,NORMAL
2026-09-05 13:48:00,ROUTER-04,70.85,0.57,666.88,53.947,20.20193117831422,0.6809999999999997,0.2871101221173338,525.145,91.61054175754624,0.836698045399734,-0.3864766296594972,1.5471455857182101,-1.5471455857182101,0.836698045399734,NORMAL
2026-09-05 13:51:30,ROUTER-04,47.2,0.17,685.6,51.224,18.929352985362588,0.6269999999999997,0.3288042308460014,536.202,104.1191323863626,-0.2125787788538632,-1.389462211612519,1.4348741973588348,-1.4348741973588348,0.0,NORMAL
2026-09-05 13:52:30,ROUTER-04,57.95,0.73,427.67,52.89200000000001,18.68813753278949,0.5909999999999996,0.2898831182084095,542.318,94.38509131331196,0.2706515256521899,0.47933824858073876,-1.2146820746426792,1.2146820746426792,1.9646718488756079,NORMAL
2026-09-05 13:57:30,ROUTER-04,68.28,0.48,376.34,55.694,18.684305475749472,0.5399999999999997,0.2546020860523947,531.3340000000001,107.16946499197743,0.6736098730214025,-0.23556933093848764,-1.4462501551779436,1.4462501551779436,2.119860028199346,NORMAL
2026-09-05 14:01:30,ROUTER-04,52.56,0.3,643.71,57.786,16.764353186979452,0.5169999999999997,0.2657505095636548,539.53,112.74313785474196,-0.31173101452893837,-0.8162482003745852,0.9240465502172756,-0.9240465502172756,0.0,NORMAL
2026-09-05 14:03:00,ROUTER-04,56.55,0.65,417.89,58.09000000000001,16.705658389367134,0.5379999999999997,0.2672826219566263,529.487,119.13435142728572,-0.09218378262792255,0.4188753898081249,-0.9367315555073819,0.9367315555073819,1.3556069453155066,NORMAL
2026-09-05 14:06:00,ROUTER-04,29.5,0.71,554.31,54.198,18.47194196612827,0.5969999999999998,0.2268161271946156,531.977,119.3924981870023,-1.3370476336773225,0.49798135283300193,0.1870551469616251,-0.1870551469616251,0.49798135283300193,NORMAL
2026-09-05 14:08:30,ROUTER-04,61.39,0.09,506.17,52.828,17.21560648558968,0.5289999999999997,0.2674758556082066,539.643,114.44064798934966,0.4973365459713649,-1.640656250550491,-0.2924919715057713,0.2924919715057713,0.7898285174771362,NORMAL
2026-09-05 14:09:00,ROUTER-04,41.35,0.86,452.5,55.19200000000001,12.95281848350687,0.5219999999999996,0.2565064434971653,537.197,116.17748491472489,-1.0686394743875842,1.3171921772250208,-0.729030475733922,0.729030475733922,2.0462226529589427,NORMAL
2026-09-05 14:15:00,ROUTER-04,49.59,0.34,457.93,53.522000000000006,12.42894185180566,0.4899999999999996,0.2573367875416013,518.9,112.37635921808076,-0.3163558419773742,-0.5826673080892135,-0.5425513530523324,0.5425513530523324,0.5425513530523324,NORMAL
2026-09-05 14:15:30,ROUTER-04,36.0,0.0,514.22,50.037,11.905255655475584,0.4329999999999995,0.2976220571276569,503.634,99.69360251401405,-1.179049194850724,-1.4543766228725818,0.10618524272896704,-0.10618524272896704,0.0,NORMAL
2026-09-05 14:22:30,ROUTER-04,42.68,0.21,595.24,49.585,12.108995049595253,0.4369999999999995,0.2939406591663025,494.598,84.2699831625842,-0.5702325377511015,-0.7720020783643177,1.1942791109607556,-1.1942791109607556,0.0,NORMAL
2026-09-05 14:26:00,ROUTER-04,50.48,0.77,568.93,48.838,11.761035290786367,0.4409999999999996,0.298606020628461,508.724,83.64164356215021,0.13961237239455387,1.1014173711925945,0.7198080460298361,-0.7198080460298361,1.2410297435871485,NORMAL
2026-09-05 14:33:30,ROUTER-04,60.78,0.42,492.09,48.08800000000001,10.561421200661828,0.4349999999999996,0.2983379887905074,520.299,70.21766245832399,1.2017208277918014,-0.05026169778449043,-0.40173595700578973,0.40173595700578973,1.6034567847975911,NORMAL
2026-09-05 14:36:00,ROUTER-04,45.16,0.74,482.2,47.348,10.472137423765677,0.4789999999999996,0.3084891498182143,504.148,55.7647757798575,-0.20893338371364262,0.8457847599429598,-0.3935810793633605,0.3935810793633605,1.2393658393063203,NORMAL
2026-09-05 14:37:00,ROUTER-04,69.92,0.75,446.01,48.685,12.445140283125696,0.4889999999999997,0.3161732998777168,506.96,51.47588755912816,1.7062748100406064,0.8252356430369328,-1.1840472206577766,1.1840472206577766,3.7155576737353155,WARNING
2026-09-05 14:41:00,ROUTER-04,72.93,0.62,396.59,53.028,12.583379514264475,0.4799999999999996,0.3104119127152898,491.188,58.9725525232808,1.5815975205776232,0.45086837015611453,-1.6040994588577357,1.6040994588577357,3.636565349591473,WARNING
2026-09-05 14:45:00,ROUTER-04,80.84,0.67,520.21,54.973,15.24185396276427,0.5379999999999996,0.2823630444815641,492.592,59.53333478910041,1.6970921223874884,0.46731776980693096,0.4639073841084078,-0.4639073841084078,2.1644098921944193,NORMAL
2026-09-05 14:47:30,ROUTER-04,62.24,0.19,607.7,57.062,14.584660739588676,0.4709999999999996,0.2769055193864431,508.112,67.60320567678566,0.35502810724518175,-1.014420220298874,1.4731232297446306,-1.4731232297446306,0.35502810724518175,NORMAL
2026-09-05 14:49:30,ROUTER-04,54.24,0.39,571.12,57.527,14.392828499715844,0.4759999999999997,0.2747200595353755,519.431,67.74323917886166,-0.22837603897392345,-0.3129320332198297,0.7630122846989623,-0.7630122846989623,0.0,NORMAL
2026-09-05 14:50:30,ROUTER-04,74.11,0.75,397.9,61.338,13.041508774337467,0.5509999999999997,0.2288837647754566,507.799,77.95434083131262,0.9793270309666098,0.8690572460241509,-1.4097849824593436,1.4097849824593436,3.2581692594501046,WARNING
2026-09-05 14:53:30,ROUTER-04,30.55,0.71,627.09,60.125,15.332590018215344,0.6009999999999998,0.1987432738205181,510.984,82.44519070941084,-1.9288852748516203,0.5481704153512725,1.4082793450171796,-1.4082793450171796,0.5481704153512725,NORMAL
2026-09-05 14:55:00,ROUTER-04,42.07,0.59,491.08,59.284000000000006,16.130299439254383,0.5829999999999996,0.1896810187891701,503.199,80.00503684838299,-1.0671775404463084,0.036884615988792425,-0.15147777352055075,0.15147777352055075,0.18836238950934317,NORMAL
2026-09-05 14:57:30,ROUTER-04,75.53,0.25,399.59,60.759,16.936539361852102,0.5659999999999996,0.2121948789831539,493.949,86.51463799714925,0.87213287621097,-1.4884956317060996,-1.0906696614293538,1.0906696614293538,1.9628025376403238,NORMAL
2026-09-05 15:03:00,ROUTER-04,46.86,0.64,512.54,60.929,16.770283539642676,0.5559999999999996,0.2053290042833908,496.983,86.58879707496169,-0.8389193942251227,0.40890039015192714,0.1796650670643369,-0.1796650670643369,0.40890039015192714,NORMAL
2026-09-05 15:06:00,ROUTER-04,32.06,0.7,463.64,57.14300000000001,18.679831102020447,0.5509999999999996,0.2006351027224628,498.746,85.60958230374814,-1.3427779718784398,0.7422717700053109,-0.4100704389421965,0.4100704389421965,1.1523422089475073,NORMAL
2026-09-05 15:07:00,ROUTER-04,67.95,0.82,492.69,56.645,18.27416710368338,0.5709999999999996,0.2175341607911727,508.356,77.91613086446796,0.6186294605336787,1.14412185612223,-0.20106208714395274,0.20106208714395274,1.9638134037998616,NORMAL
2026-09-05 15:07:30,ROUTER-04,40.85,1.21,493.53,52.646,16.698871019722983,0.6249999999999997,0.2972559690083944,505.688,77.92191373419936,-0.7063908300737731,1.9673390177800187,-0.15602779519369586,0.15602779519369586,2.1233668129737144,NORMAL
2026-09-05 15:08:30,ROUTER-04,50.22,0.09,415.15,51.444,16.360736332248134,0.6149999999999997,0.3146867931416669,486.433,73.58257101152871,-0.07481280144508447,-1.66779550933615,-0.9687471115153132,0.9687471115153132,0.9687471115153132,NORMAL
2026-09-05 15:13:00,ROUTER-04,75.9,1.1,471.1,53.61,18.11207700219232,0.6859999999999996,0.3375467045873592,476.431,67.32373338330741,1.2306637682097519,1.226133690556682,-0.07918443932994691,0.07918443932994691,2.5359818980963804,NORMAL
2026-09-05 15:14:30,ROUTER-04,63.99,0.76,458.78,52.598,17.093465158098336,0.6869999999999996,0.3377721125256023,482.519,61.97326313284892,0.6664496197624912,0.2160580802432128,-0.38305166607001834,0.38305166607001834,1.2655593660757223,NORMAL
2026-09-05 15:15:30,ROUTER-04,23.59,0.49,553.19,51.902,18.197022222819548,0.6649999999999996,0.3432281392245744,475.129,44.86233670290079,-1.5558504060876284,-0.5097164490951624,1.740008027583411,-1.740008027583411,0.0,NORMAL
2026-09-05 15:16:30,ROUTER-04,68.94,0.0,372.19,54.589,18.56403359545936,0.6059999999999997,0.403049486898194,463.24000000000007,54.81502571781239,0.7730498127588427,-1.503164507692976,-1.6610378760914346,1.6610378760914346,2.434087688850277,NORMAL
2026-09-05 15:17:30,ROUTER-04,88.37,0.29,482.92,55.873000000000005,20.514910593679836,0.6099999999999997,0.3993049516903753,471.573,50.20377853198783,1.584059625590031,-0.8011918696693288,0.22601839403244908,-0.22601839403244908,1.584059625590031,NORMAL
2026-09-05 15:20:00,ROUTER-04,80.92,0.42,565.24,59.279,21.64836070262876,0.5879999999999996,0.4035068497284605,476.843,57.253100071330415,0.9996553702948563,-0.41624665218894835,1.543966099534493,-1.543966099534493,0.9996553702948563,NORMAL
2026-09-05 15:24:30,ROUTER-04,43.2,0.25,390.2,60.393,20.33910849679637,0.5429999999999996,0.414569388375199,469.499,63.50380923832657,-0.8453131301893123,-0.7065870021128468,-1.2487262745100522,1.2487262745100522,1.2487262745100522,NORMAL
2026-09-05 15:26:30,ROUTER-04,72.16,0.1,457.31,60.814,20.555333560363053,0.4709999999999996,0.4235419433512895,465.96100000000007,63.05216437381205,0.55197084346002,-0.8757395385951232,-0.1372036371082836,0.1372036371082836,0.6891744805683035,NORMAL
2026-09-05 15:31:30,ROUTER-04,77.81,0.24,322.65,64.51,19.878503744274127,0.3739999999999996,0.3379086003969591,448.87299999999993,76.47670263260268,0.6690610754707034,-0.39643961675125816,-1.650474335418804,1.650474335418804,2.3195354108895074,NORMAL
2026-09-05 15:32:00,ROUTER-04,68.32,0.55,540.22,66.32,19.24677519886292,0.4199999999999996,0.3260538469503473,461.38,80.47149778372182,0.10391297181155709,0.39858490468699354,0.9797245509141383,-0.9797245509141383,0.5024978764985506,NORMAL
2026-09-05 15:35:00,ROUTER-04,78.27,0.63,484.16,66.55699999999999,19.39189295097906,0.3729999999999996,0.2395389089248309,462.686,80.75226260331995,0.6040121832557,1.0724468791527308,0.2659241080720676,-0.2659241080720676,1.6764590624084308,NORMAL
2026-09-05 15:37:00,ROUTER-04,52.11,0.64,619.79,65.369,19.92324853587465,0.3609999999999996,0.220224632793197,478.787,94.72905175053508,-0.6655005796904773,1.2663132417966074,1.4884858292759233,-1.4884858292759233,1.2663132417966074,NORMAL
2026-09-05 15:39:30,ROUTER-04,26.08,0.41,627.56,65.618,19.35040384304416,0.3529999999999996,0.2164383412327058,486.224,103.71266323624882,-2.0432542904670954,0.2632328283088886,1.3627638063991085,-1.3627638063991085,0.2632328283088886,NORMAL
2026-09-05 15:43:30,ROUTER-04,43.14,0.41,413.81,63.038,20.54156750483188,0.3939999999999997,0.1774636112935347,490.386,99.37228567362232,-0.968665274877004,0.09010855255444375,-0.7705963732369824,0.7705963732369824,0.8607049257914261,NORMAL
2026-09-05 15:53:30,ROUTER-04,63.26,0.58,595.57,60.527,18.537924521250087,0.4229999999999997,0.1822117205646235,501.651,104.67547250112294,0.1474267118843848,0.8611624064199916,0.8972389427246027,-0.8972389427246027,1.0085891183043765,NORMAL
2026-09-05 15:55:00,ROUTER-04,51.0,0.2,518.33,57.53499999999999,17.250637508348916,0.4009999999999996,0.1954169331910293,496.96,102.53842867703584,-0.3788243834118522,-1.028043948518838,0.2084094659414204,-0.2084094659414204,0.0,NORMAL
2026-09-05 15:56:00,ROUTER-04,26.56,0.76,517.95,55.871,19.44944983512128,0.4519999999999997,0.2169895030743507,509.735,95.47427835693652,-1.507027167645355,1.418769657851738,0.0860440271136176,-0.0860440271136176,1.418769657851738,NORMAL
2026-09-05 16:00:00,ROUTER-04,25.77,0.94,433.44,51.23199999999999,20.629173948022945,0.5359999999999996,0.2278986129351968,507.348,97.21317306711984,-1.2342654455097875,1.7719406043703774,-0.7602665527882293,0.7602665527882293,2.5322071571586067,NORMAL
2026-09-05 16:04:00,ROUTER-04,56.43,0.83,505.7,49.094,18.574127884417013,0.5949999999999996,0.2189495121915039,525.653,72.71882196362786,0.3949558520359595,1.0728168150155555,-0.2743852557382521,0.2743852557382521,1.742157922789767,NORMAL
2026-09-05 16:05:00,ROUTER-04,52.65,0.1,444.34,47.527,17.395514140784496,0.5499999999999996,0.2696087700518989,516.0649999999999,76.79160302041144,0.2944995191626482,-1.6684663235585853,-0.9340201763846189,0.9340201763846189,1.228519695547267,NORMAL
2026-09-05 16:07:00,ROUTER-04,33.92,0.87,585.47,43.092,14.010953492813734,0.5739999999999996,0.2876031216026076,526.196,78.77203821435926,-0.6546260068669578,1.0288383329008606,0.7524741786074182,-0.7524741786074182,1.0288383329008606,NORMAL
2026-09-05 16:07:30,ROUTER-04,6.18,0.36,548.33,38.499,17.75442445639367,0.5459999999999996,0.294021919061994,519.05,72.3146903778511,-1.8203247335279342,-0.6323908146430772,0.4048964236362925,-0.4048964236362925,0.0,NORMAL
2026-09-05 16:10:30,ROUTER-04,80.86,0.56,580.57,43.977,21.54353269803081,0.5609999999999996,0.2901130048025498,514.351,65.70490789211361,1.7120139633355003,-0.0034457449647369172,1.0078227234784052,-1.0078227234784052,1.7120139633355003,NORMAL
2026-09-05 16:11:00,ROUTER-04,50.31,0.86,526.89,44.694,21.631714474611638,0.6059999999999997,0.2988570821572816,525.659,55.40180451333122,0.25961761120830923,0.8496202805002315,0.022219452757328624,-0.022219452757328624,1.1092378917085408,NORMAL
2026-09-05 16:13:30,ROUTER-04,38.01,0.14,500.05,42.169,20.676349586477635,0.5619999999999996,0.3334932949517675,516.1070000000001,49.97789001148431,-0.20114671924719504,-1.2650134351801476,-0.3212814280108179,0.3212814280108179,0.3212814280108179,NORMAL
2026-09-05 16:16:00,ROUTER-04,54.85,0.77,392.03,42.554,20.893757281383,0.6189999999999997,0.3128169503790563,503.477,63.48674105669632,0.5884983243834098,0.48255615369216787,-1.7554346403922243,1.7554346403922243,2.826489118467802,NORMAL
2026-09-05 16:19:00,ROUTER-04,47.29,0.68,555.43,44.627,20.145554265561373,0.6109999999999995,0.3098189435424928,507.225,65.5101926335811,0.13218731766643818,0.22263885908781167,0.7358385692096521,-0.7358385692096521,0.3548261767542499,NORMAL
2026-09-05 08:00:30,ROUTER-05,60.89,0.27,506.56,0.0,0.0,0.0,0.0,0.0,0.0,608900.0,2700.0,5065600.0,-5065600.0,611600.0,ANOMALY
2026-09-05 08:01:30,ROUTER-05,53.36,0.84,616.47,0.0,0.0,0.0,0.0,0.0,0.0,533600.0,8400.0,6164700.0,-6164700.0,542000.0,ANOMALY
2026-09-05 08:02:00,ROUTER-05,38.14,0.53,556.36,50.79666666666666,11.589591594760073,0.5466666666666667,0.2853652630109932,559.7966666666666,55.035534278621626,-1.0920624214356995,-0.058384219820205904,-0.062444391015251184,0.062444391015251184,0.062444391015251184,NORMAL
2026-09-05 08:04:30,ROUTER-05,42.33,0.82,431.11,48.68,10.36662272230772,0.615,0.2701234285778756,527.625,78.48144940047935,-0.6125368807574741,0.758631481655267,-1.229779492597664,1.229779492597664,1.9884109742529308,NORMAL
2026-09-05 08:06:00,ROUTER-05,50.84,0.52,464.56,49.112,9.029577509496225,0.596,0.2377603835797713,515.012,73.58629131842424,0.1913689606503354,-0.3195151662341107,-0.6856159012022103,0.6856159012022103,0.8769848618525456,NORMAL
2026-09-05 08:08:30,ROUTER-05,43.6,0.81,524.9,48.193333333333335,8.383931456462815,0.6316666666666667,0.2299057778018348,516.66,65.9412559783327,-0.5478669011663323,0.7753428415480037,0.12495951710043002,-0.12495951710043002,0.7753428415480037,NORMAL
2026-09-05 08:10:30,ROUTER-05,51.1,0.63,575.3,48.60857142857143,7.731895904997318,0.6314285714285715,0.2098752463908477,525.0371428571428,64.14652516291268,0.32222321403692405,-0.006803523049151729,0.7835619881046731,-0.7835619881046731,0.32222321403692405,NORMAL
2026-09-05 08:17:30,ROUTER-05,66.9,0.6,621.54,50.895,9.64696547403083,0.6275,0.1946241799689119,537.1,68.49125220472631,1.6590537343282525,-0.14122539894321495,1.232856372109603,-1.232856372109603,1.6590537343282525,NORMAL
2026-09-05 08:18:30,ROUTER-05,33.4,0.39,582.45,48.95111111111111,10.744267593052172,0.6011111111111112,0.1985223189243746,542.1388888888889,65.8269229579441,-1.4473733308572962,-1.0628770837757244,0.612379373997595,-0.612379373997595,0.0,NORMAL
2026-09-05 08:23:30,ROUTER-05,41.85,0.32,424.13,48.241,10.37570608039119,0.5730000000000001,0.2072062847609706,530.338,72.41773751413851,-0.6159521439089043,-1.220416449466139,-1.4665999931199882,1.4665999931199882,1.4665999931199882,NORMAL
2026-09-05 08:26:30,ROUTER-05,66.37,0.66,550.05,48.789,11.227732975885106,0.6120000000000001,0.1785621584895423,534.687,72.13643709434687,1.5658408918052211,0.26866349542513523,0.2129711325053874,-0.2129711325053874,1.8345043872303564,NORMAL
2026-09-05 08:31:00,ROUTER-05,64.04,0.8,507.63,49.857000000000006,12.178535808726949,0.608,0.1732563931801011,523.8030000000001,66.40950200586256,1.1645803538879755,1.1075449625935052,-0.24353406000795458,0.24353406000795458,2.5156593764894355,NORMAL
2026-09-05 08:35:30,ROUTER-05,44.38,0.56,377.15,50.48100000000001,11.660313937073528,0.611,0.1720109815615787,505.882,79.53162848130853,-0.5232232777433632,-0.2963204296278614,-1.6186244465974922,1.6186244465974922,1.6186244465974922,NORMAL
2026-09-05 08:36:00,ROUTER-05,60.66,0.58,560.54,52.314,11.677331506432072,0.587,0.1555670630664187,518.825,76.48453137000243,0.7147119634487188,-0.04496776557680224,0.545403687679414,-0.545403687679414,0.7147119634487188,NORMAL
2026-09-05 08:37:00,ROUTER-05,44.59,0.68,418.67,51.689,11.929524019563118,0.603,0.156137403875205,514.236,81.32561195589,-0.5950732385495561,0.49283973037278583,-1.1751019167447772,1.1751019167447772,1.667941647117563,NORMAL
2026-09-05 08:40:00,ROUTER-05,54.89,0.2,586.54,52.818,11.608856580693516,0.542,0.1831089536010975,520.4,84.49779418554202,0.1784828796281209,-1.8667209941313225,0.7827414000965345,-0.7827414000965345,0.1784828796281209,NORMAL
2026-09-05 08:41:00,ROUTER-05,63.86,0.65,549.77,54.09400000000001,12.09031954361284,0.544,0.184282391996631,517.847,83.02764185632529,0.8077469904805082,0.5748922055525606,0.3844859475431827,-0.3844859475431827,1.3826391960330688,NORMAL
2026-09-05 08:41:30,ROUTER-05,47.23,0.55,606.31,52.127,11.352984972146215,0.5389999999999999,0.1832696859215341,516.324,81.0298797015301,-0.43133650562947073,0.05998810514790947,1.1105272435147946,-1.1105272435147946,0.05998810514790947,NORMAL
2026-09-05 08:48:00,ROUTER-05,41.83,0.0,539.99,52.970000000000006,10.045638080502624,0.5,0.248417211785156,512.078,78.2444312253452,-1.1089279762948623,-2.0119330826560686,0.35672780656852726,-0.35672780656852726,0.0,NORMAL
2026-09-05 08:52:30,ROUTER-05,24.35,0.42,459.54,51.220000000000006,13.220600927676813,0.51,0.2423037579384832,515.6189999999999,74.53539285317932,-2.0324187156937445,-0.3712813727204678,-0.7523798106556404,0.7523798106556404,0.7523798106556404,NORMAL
2026-09-05 08:56:00,ROUTER-05,41.9,0.61,440.6,48.773,12.340180126544173,0.505,0.2393625794572836,504.674,76.91564603150938,-0.5569565625350801,0.43848187152235346,-0.8330413901693332,0.8330413901693332,1.2715232616916867,NORMAL
2026-09-05 08:57:30,ROUTER-05,35.32,0.4,634.8,45.901,11.718638952066456,0.465,0.216961338081747,517.391,87.2741316453188,-0.9029128512274073,-0.29945452550154505,1.3452882687887582,-1.3452882687887582,0.0,NORMAL
2026-09-05 09:01:00,ROUTER-05,74.98,0.79,624.33,48.961,14.85327232931818,0.4880000000000001,0.2392023782862071,542.109,77.60983821512424,1.7517234082015614,1.2620016656867743,1.0594132902424753,-1.0594132902424753,3.0137250738883354,WARNING
2026-09-05 09:03:00,ROUTER-05,40.63,0.52,503.48,46.958000000000006,14.445284351649168,0.482,0.237383889746358,536.403,78.19952856493293,-0.4380638026621675,0.16001085395975917,-0.42101222990672443,0.42101222990672443,0.5810230838664836,NORMAL
2026-09-05 09:04:00,ROUTER-05,57.76,0.22,297.64,48.275,14.801377751187,0.436,0.2393138339317454,524.3,103.6652632273704,0.6408143943086597,-0.9022035045041698,-2.1864583593158695,2.1864583593158695,2.8272727536245292,NORMAL
2026-09-05 09:04:30,ROUTER-05,39.11,0.57,476.27,46.697,14.8588365403666,0.473,0.2270609316167504,513.2729999999999,102.1629946104644,-0.510601817255814,0.42701004662039077,-0.36219537144100733,0.36219537144100733,0.7892054180613981,NORMAL
2026-09-05 09:05:30,ROUTER-05,38.67,0.65,407.92,44.178,13.717287389762372,0.473,0.2270609316167504,499.088,106.2965341548507,-0.4015341874875352,0.7791832809464866,-0.8576753226935518,0.8576753226935518,1.6368586036400385,NORMAL
2026-09-05 09:06:30,ROUTER-05,28.9,0.8,483.64,42.345000000000006,14.468277368090527,0.498,0.249167502785665,486.821,99.4025872064372,-0.9292679930821033,1.2115498274946719,-0.03200114694478845,0.03200114694478845,1.2435509744394604,NORMAL
2026-09-05 09:09:30,ROUTER-05,89.49,0.91,463.87,47.111,20.76112202598352,0.5890000000000001,0.2102088908152502,479.209,97.779939711579,2.041257491825912,1.5263263419613984,-0.15687250736699762,0.15687250736699762,3.724456341154308,WARNING
2026-09-05 09:10:30,ROUTER-05,52.77,0.79,439.34,49.953,19.18451114252792,0.6260000000000001,0.2097193892376721,477.189,98.43786144342825,0.14683643984606765,0.781624618181638,-0.3844959753839646,0.3844959753839646,1.3129570334116702,NORMAL
2026-09-05 09:18:30,ROUTER-05,64.59,0.56,376.11,52.222,19.465971905410274,0.621,0.2107368026710095,470.74,103.10319878645876,0.635361877840517,-0.2893233023230037,-0.917817384252582,0.917817384252582,1.5531792620930989,NORMAL
2026-09-05 09:21:00,ROUTER-05,48.88,0.37,495.06,53.578,18.611288569634883,0.618,0.2144139298957354,456.766,86.53546378990161,-0.2524260875228272,-1.1561020774759967,0.44252326237769024,-0.44252326237769024,0.0,NORMAL
2026-09-05 09:29:00,ROUTER-05,33.78,0.56,497.48,49.458,17.89348658652702,0.595,0.206087899261995,444.081,66.13649344768442,-0.8761798493659596,-0.16974807990805887,0.8074047545590604,-0.8074047545590604,0.0,NORMAL
2026-09-05 09:33:00,ROUTER-05,51.44,0.29,527.98,50.539,17.625426362061273,0.5720000000000001,0.2271465508334995,446.53100000000006,68.97430913833904,0.051119040730572884,-1.2409429272553303,1.1808582489868258,-1.1808582489868258,0.051119040730572884,NORMAL
2026-09-05 09:35:30,ROUTER-05,42.82,0.65,433.36,49.045,17.5784610943178,0.615,0.1909188309203678,460.103,45.92270245870933,-0.3541245478853334,0.18322800862806496,-0.5823468640452744,0.5823468640452744,0.7655748726733393,NORMAL
2026-09-05 09:39:00,ROUTER-05,65.48,0.42,646.6,51.682,17.89751056556314,0.6,0.2004993765576342,477.1360000000001,74.98042680889772,0.7709409001528273,-0.8973108645144977,2.260106819893537,-2.260106819893537,0.7709409001528273,NORMAL
2026-09-05 09:43:00,ROUTER-05,84.48,0.43,496.09,56.263,19.94277649788124,0.5780000000000001,0.2063869074228197,485.9530000000001,71.01610475409406,1.4148911769572368,-0.716752465554356,0.14274206901229106,-0.14274206901229106,1.4148911769572368,NORMAL
2026-09-05 09:59:00,ROUTER-05,71.31,0.8,597.44,60.504000000000005,17.87999080288104,0.5780000000000001,0.2063869074228197,497.333,79.24542847662856,0.6043593468920647,1.0751286983315334,1.2632510871515485,-1.2632510871515485,1.679488045223598,NORMAL
2026-09-05 09:59:30,ROUTER-05,41.44,0.3,458.94,55.699,15.526372868266566,0.517,0.1865505591283797,496.84,79.49169138972958,-0.9183669801235371,-1.1626003212277856,-0.476778788569315,0.476778788569315,0.476778788569315,NORMAL
2026-09-05 10:08:30,ROUTER-05,39.04,0.73,453.23,54.326,16.396836551264656,0.5109999999999999,0.1775418573495026,498.229,78.49037442047702,-0.9322473104783119,1.2328175536305455,-0.5733052364919886,0.5733052364919886,1.806122790122534,NORMAL
2026-09-05 10:11:00,ROUTER-05,49.75,0.0,523.38,52.842,16.032168218234784,0.455,0.2382925373009682,512.956,65.82580314739803,-0.19286104485722236,-1.9086167929223685,0.15835711325765559,-0.15835711325765559,0.0,NORMAL
2026-09-05 10:14:00,ROUTER-05,60.23,0.49,280.2,53.977,16.122022929314205,0.4669999999999999,0.2365516152273467,491.47,99.01511332451568,0.3878521474755922,0.0971892795994839,-2.1337125165561868,2.1337125165561868,2.618753943631263,NORMAL
2026-09-05 10:18:00,ROUTER-05,66.0,0.37,561.46,57.199,14.802768096992295,0.4479999999999999,0.2358813260942883,497.86800000000005,101.48293231431146,0.5945469447091961,-0.33053462869699424,0.6266269202820425,-0.6266269202820425,0.5945469447091961,NORMAL
2026-09-05 10:20:30,ROUTER-05,52.2,0.98,637.98,57.275,14.771833746093334,0.517,0.2811108915238492,508.86800000000005,110.65648043482236,-0.3435569159211913,1.646451165141779,1.166781039976633,-1.166781039976633,1.646451165141779,NORMAL
2026-09-05 10:22:30,ROUTER-05,44.1,0.4,466.06,57.403,14.637597746139132,0.492,0.279077846566947,512.138,108.64204616793424,-0.9088177820524285,-0.3295390416228399,-0.4241263784385729,0.4241263784385729,0.4241263784385729,NORMAL
2026-09-05 10:23:30,ROUTER-05,466.21,9.49,88.07,97.476,130.3532829744699,1.399,2.856440870111693,456.285,162.20217523202342,2.8287259723226184,2.8324467836805836,-2.270097626394477,2.270097626394477,7.931270382397679,ANOMALY
2026-09-05 10:27:30,ROUTER-05,53.29,1.17,528.68,94.357,131.06996876562616,1.473,2.838074660360044,459.544,163.41368705085748,-0.31332096173256946,-0.10675875739147156,0.4230732378687456,-0.4230732378687456,0.0,NORMAL
2026-09-05 10:28:00,ROUTER-05,53.74,0.69,441.52,92.6,131.5301978000996,1.462,2.8411844165574487,443.95200000000006,156.06791654063102,-0.2954452369526268,-0.2717081033849364,-0.015582949369814808,0.015582949369814808,0.015582949369814808,NORMAL
2026-09-05 10:30:00,ROUTER-05,59.12,0.26,485.95,94.368,130.88334201791216,1.4579999999999995,2.8430296828872152,446.653,156.5889839356525,-0.2693083208735915,-0.42136663945044645,0.2509561906380931,-0.2509561906380931,0.0,NORMAL
2026-09-05 10:30:30,ROUTER-05,52.8,0.31,553.49,95.744,130.3081050775004,1.416,2.8580420648486693,456.679,160.22438082264517,-0.3295571447282172,-0.3869646696720652,0.60422102479559,-0.60422102479559,0.0,NORMAL
2026-09-05 10:31:30,ROUTER-05,52.91,0.36,603.67,96.06,130.18795182350783,1.452,2.8404373685128927,464.708,165.85112204758963,-0.3314436263206182,-0.3844343017996257,0.8378714264771949,-0.8378714264771949,0.0,NORMAL
2026-09-05 10:34:00,ROUTER-05,67.93,1.12,507.34,96.83,129.97508487740598,1.515,2.8236668437413868,487.422,152.8159312375513,-0.22235013573751627,-0.13988407041306547,0.1303397283563632,-0.1303397283563632,0.0,NORMAL
2026-09-05 10:34:30,ROUTER-05,27.15,0.22,520.18,92.945,131.56983166955695,1.5,2.8308145667124003,483.294,151.14211003776109,-0.5000762648813006,-0.4521506989476162,0.24404830385095228,-0.24404830385095228,0.0,NORMAL
2026-09-05 10:43:30,ROUTER-05,48.51,0.4,484.76,92.576,131.70191006798478,1.442,2.848538806710089,467.9719999999999,141.15483640314991,-0.3345886670769342,-0.3657887400626309,0.11893314132530358,-0.11893314132530358,0.0,NORMAL
2026-09-05 10:46:30,ROUTER-05,53.65,0.48,369.56,93.531,131.34548534727455,1.45,2.845397843692318,458.322,144.55765153660252,-0.3036341106901736,-0.3408893815014556,-0.614024492332569,0.614024492332569,0.614024492332569,NORMAL
2026-09-05 10:49:00,ROUTER-05,48.77,0.32,424.09,51.787,10.290359080226702,0.533,0.3484903952127776,491.924,67.38494213595995,-0.2931841987299881,-0.6110323259766984,-1.0066625745092541,1.0066625745092541,1.0066625745092541,NORMAL
2026-09-05 10:54:30,ROUTER-05,71.6,0.53,479.29,53.618,12.06369097747468,0.469,0.2679738793240908,486.985,66.19101235565651,1.4905762238069027,0.22754921200753564,-0.11625427834863088,0.11625427834863088,1.8343797141630693,NORMAL
2026-09-05 10:58:30,ROUTER-05,439.91,17.29,147.17,92.235,122.7547515486785,2.129,5.333203019241293,457.55,126.5676045966477,2.8322709498950376,2.84270365762131,-2.4522843405364307,2.4522843405364307,8.127258948052777,ANOMALY
2026-09-05 10:59:30,ROUTER-05,21.66,0.38,508.46,88.489,124.4376075210206,2.141,5.328663476374207,459.801,127.3267122580508,-0.5370478236165749,-0.3304706631862404,0.3821583147890621,-0.3821583147890621,0.0,NORMAL
2026-09-05 11:01:30,ROUTER-05,61.41,0.62,515.98,89.35,124.19277926764592,2.172,5.317718391273544,456.05,124.78718604087528,-0.22497264065991246,-0.29184900382209505,0.4802572593843363,-0.4802572593843363,0.0,NORMAL
2026-09-05 11:02:30,ROUTER-05,56.38,0.09,601.79,89.697,124.08445198063028,2.145,5.328615100463618,455.862,124.54124973053892,-0.2685023999216342,-0.38564643844839963,1.1717232896201444,-1.1717232896201444,0.0,NORMAL
2026-09-05 11:04:30,ROUTER-05,32.62,0.65,423.2,86.166,125.2694265440162,2.098,5.34071946880235,447.448,123.51498953568355,-0.4274463349327455,-0.2711194430851463,-0.1963160945853076,0.1963160945853076,0.1963160945853076,NORMAL
2026-09-05 11:09:30,ROUTER-05,45.78,0.82,506.2,88.029,124.42994284603154,2.158,5.32060940536368,446.05,122.67657722646172,-0.339540186868524,-0.25147022663015467,0.4903132474721564,-0.4903132474721564,0.0,NORMAL
2026-09-05 11:10:30,ROUTER-05,59.61,0.24,400.66,89.139,124.08727362895308,2.142,5.326720483666392,437.64,122.61067127746728,-0.23796941732603524,-0.35706102839997983,-0.30160482325255494,0.30160482325255494,0.30160482325255494,NORMAL
2026-09-05 11:12:00,ROUTER-05,70.99,0.3,347.38,90.873,123.65665404659794,2.124,5.333260832840554,435.422,124.16976567049926,-0.1607918641670591,-0.34199823660319184,-0.7090448195670181,0.7090448195670181,0.7090448195670181,NORMAL
2026-09-05 11:15:30,ROUTER-05,59.53,0.25,376.22,91.949,123.29587543340163,2.117,5.335936968643215,430.63499999999993,125.57002705440688,-0.2629364006898273,-0.3498851321629278,-0.43334351311457253,0.43334351311457253,0.43334351311457253,NORMAL
2026-09-05 11:16:00,ROUTER-05,65.74,0.7,586.62,91.363,123.41720211902754,2.134,5.330587209679624,441.36800000000005,134.4629331658193,-0.20761270551262234,-0.2690084680631981,1.0802374197588993,-1.0802374197588993,0.0,NORMAL
2026-09-05 11:17:00,ROUTER-05,69.76,0.02,492.51,54.348,16.216686056857316,0.4069999999999999,0.2740255462543707,475.90199999999993,86.1907400027534,0.9503732703856568,-1.4117618926361903,0.19268868941838263,-0.19268868941838263,0.9503732703856568,NORMAL
2026-09-05 11:17:30,ROUTER-05,322.21,7.81,236.36,84.40299999999999,84.3375121560191,1.15,2.356056026498522,448.692,113.41962320907662,2.8197027864634405,2.8266379327592364,-1.8720906205051269,1.8720906205051269,7.518431339727803,ANOMALY
2026-09-05 11:18:00,ROUTER-05,81.13,0.27,397.03,86.37499999999999,83.96989556448855,1.1149999999999998,2.367376654067161,436.797,111.8046289093416,-0.06246278762718113,-0.3569200982608839,-0.3556826297771865,0.3556826297771865,0.3556826297771865,NORMAL
2026-09-05 11:20:30,ROUTER-05,42.74,0.0,273.43,85.011,84.61953969910786,1.106,2.371873146317532,403.961,106.03276909102746,-0.4995412430294909,-0.46627846597549194,-1.2310427994543967,1.2310427994543967,1.2310427994543967,NORMAL
2026-09-05 11:21:30,ROUTER-05,56.36,0.13,544.14,87.385,83.3092649576131,1.0539999999999998,2.3886221039661257,416.055,114.98980517613064,-0.37240711192295356,-0.38681770410456373,1.113880386315751,-1.113880386315751,0.0,NORMAL
2026-09-05 11:22:30,ROUTER-05,41.39,0.58,462.95,86.946,83.56404027251595,1.0299999999999998,2.392437158120472,411.73,111.99695501813147,-0.5451620737248614,-0.18808485313286025,0.4573334539172288,-0.4573334539172288,0.0,NORMAL
2026-09-05 11:24:00,ROUTER-05,75.91,0.0,350.42,88.576,83.12942174705657,1.0059999999999998,2.4024256260889523,406.706,113.66316066929237,-0.15236464415781956,-0.4187260227636602,-0.4951995892829987,0.4951995892829987,0.4951995892829987,NORMAL
2026-09-05 11:26:00,ROUTER-05,59.2,0.56,459.22,87.397,83.48937950422199,1.0319999999999998,2.3953324983763284,417.89,112.6751250276654,-0.3377311748431023,-0.19704166171241755,0.36680645625382324,-0.36680645625382324,0.0,NORMAL
2026-09-05 11:27:30,ROUTER-05,24.97,0.21,447.34,83.941,85.46305874469975,1.028,2.396816407005112,425.002,111.99516971726965,-0.6900166208010333,-0.34127180973410365,0.19945485248075123,-0.19945485248075123,0.0,NORMAL
2026-09-05 11:29:00,ROUTER-05,42.75,0.82,504.72,81.642,86.31208088481397,1.0399999999999998,2.3952916779010915,416.812,101.35201744415367,-0.45059688680445303,-0.0918430175864892,0.8673523772055227,-0.8673523772055227,0.0,NORMAL
2026-09-05 11:33:30,ROUTER-05,49.42,0.55,517.94,79.60799999999999,86.86111619514608,1.093,2.3760006079310867,419.355,103.75296496432728,-0.34754291181208363,-0.22852567697998263,0.9501887971588681,-0.9501887971588681,0.0,NORMAL
2026-09-05 11:34:00,ROUTER-05,47.41,0.25,557.17,52.128,16.776830451548356,0.337,0.2760052334447532,451.436,89.50232662401093,-0.28121950041013466,-0.3150972508364574,1.1813534446856504,-1.1813534446856504,0.0,NORMAL
2026-09-05 11:40:30,ROUTER-05,67.59,0.76,516.35,50.774,14.578456860876758,0.386,0.3047840765744451,463.36800000000005,89.39679745693118,1.1534749399734952,1.2266957467969912,0.5926603887514682,-0.5926603887514682,2.3801706867704864,NORMAL
2026-09-05 11:42:00,ROUTER-05,61.58,0.76,525.4,52.658,14.642072409479637,0.462,0.2923392245700638,488.56500000000005,60.872109696386445,0.6093358110046372,1.019015149004418,0.6051201391196837,-0.6051201391196837,1.628350960009055,NORMAL
2026-09-05 11:46:00,ROUTER-05,42.98,0.93,518.02,51.31999999999999,14.87566618489554,0.542,0.3007324392213185,485.953,58.74569923738168,-0.560643391159792,1.2897545258227738,0.5458603068863319,-0.5458603068863319,1.2897545258227738,NORMAL
2026-09-05 11:46:30,ROUTER-05,55.2,0.78,555.42,52.701,14.48733887840614,0.562,0.3100465914808498,495.2,61.914789653020655,0.1724942566435824,0.7028934251997432,0.9726254918240334,-0.9726254918240334,0.8753876818433256,NORMAL
2026-09-05 11:48:00,ROUTER-05,309.36,13.53,105.52,76.046,82.84808134303549,1.915,4.088089067305435,470.71,133.08001920315135,2.816163206213979,2.841111261924967,-2.7441364058483066,2.7441364058483066,8.401410873987253,ANOMALY
2026-09-05 11:51:00,ROUTER-05,72.51,0.46,518.72,77.377,82.65405899154487,1.905,4.091892390243582,476.66,133.83718906857612,-0.058883909283958244,-0.3531287114426878,0.3142621932401001,-0.3142621932401001,0.0,NORMAL
2026-09-05 11:55:30,ROUTER-05,53.58,0.46,597.52,80.238,81.11938496917848,1.93,4.08113546291552,491.67800000000005,138.5254138576906,-0.3286263468034685,-0.36018505017837743,0.7640614140492057,-0.7640614140492057,0.0,NORMAL
2026-09-05 11:56:30,ROUTER-05,47.05,0.94,511.49,80.66799999999999,80.90971357699343,1.942,4.077683983178033,492.355,138.61275027532244,-0.41549965960568247,-0.24572169691516824,0.13804636411409713,-0.13804636411409713,0.0,NORMAL
2026-09-05 11:57:30,ROUTER-05,49.44,0.59,560.78,80.67,80.90885557904717,1.946,4.0761861259433845,496.639,140.14489037738372,-0.38598940965797823,-0.33265574547620297,0.4576760098757757,-0.4576760098757757,0.0,NORMAL
2026-09-05 11:59:00,ROUTER-05,60.99,0.81,430.89,82.028,80.40095311762308,2.002,4.054083812102996,484.011,139.77345873074603,-0.2616632392765101,-0.2940172560606429,-0.3800504221426466,0.3800504221426466,0.3800504221426466,NORMAL
2026-09-05 11:59:30,ROUTER-05,48.79,0.48,602.36,80.148,80.99367887543929,1.974,4.0645683110947415,492.612,144.54929215399926,-0.38716553833382206,-0.3675576666174809,0.7592422103240479,-0.7592422103240479,0.0,NORMAL
2026-09-05 12:01:30,ROUTER-05,55.2,0.75,546.39,79.50999999999999,81.18110467070252,1.973,4.064901392817953,494.711,145.2291075393176,-0.2994535508386367,-0.3008609055241155,0.3558443984899458,-0.3558443984899458,0.0,NORMAL
2026-09-05 12:05:30,ROUTER-05,34.2,0.69,545.79,78.632,81.66611711379724,1.9490000000000005,4.072445211417828,497.488,145.9878535891105,-0.5440683010710111,-0.3091432837799457,0.3308629158262473,-0.3308629158262473,0.0,NORMAL
2026-09-05 12:07:00,ROUTER-05,47.14,0.34,407.06,77.826,81.9623106067661,1.905,4.088822840650133,482.65199999999993,146.98152497659171,-0.3743911358003278,-0.3827413871549523,-0.5142955795463461,0.5142955795463461,0.5142955795463461,NORMAL
2026-09-05 12:11:00,ROUTER-05,53.02,0.0,583.9,52.19199999999999,9.98169524680064,0.5520000000000002,0.2684440765266121,530.49,66.30735487946345,0.08295101026695575,-2.05552848954871,0.8054901232009428,-0.8054901232009428,0.08295101026695575,NORMAL
2026-09-05 12:14:00,ROUTER-05,74.5,0.51,488.85,52.391000000000005,10.441040231275505,0.5570000000000002,0.2670018726526152,527.5029999999999,67.55748400847645,2.1174890395375074,-0.17596282472016572,-0.5721489388245458,0.5721489388245458,2.689637978362053,NORMAL
2026-09-05 12:18:30,ROUTER-05,56.8,0.68,619.6,52.713,10.53104727302414,0.5790000000000002,0.2671849130804005,529.711,70.40111054206142,0.388086871643033,0.37787392799689606,1.2768104313532442,-1.2768104313532442,0.7659607996399291,NORMAL
2026-09-05 12:19:00,ROUTER-05,46.34,0.39,503.31,52.64200000000001,10.575767689497756,0.5240000000000002,0.2398240095477492,528.893,70.68330308102784,-0.5958849131838266,-0.5585101726692001,-0.3619378649705502,0.3619378649705502,0.3619378649705502,NORMAL
2026-09-05 12:22:00,ROUTER-05,45.54,0.55,567.74,52.252,10.77696287870063,0.5200000000000002,0.2389328124994393,529.589,71.06540687595084,-0.6228041977249053,0.12550578176404203,0.5368427198668243,-0.5368427198668243,0.12550578176404203,NORMAL
2026-09-05 12:23:00,ROUTER-05,47.75,0.55,492.07,50.928,10.390551049444564,0.4940000000000002,0.2170099844093277,535.707,63.89619360076672,-0.30585186480397475,0.25793378481581203,-0.682934761015252,0.682934761015252,0.9408685458310639,NORMAL
2026-09-05 12:24:00,ROUTER-05,47.4,0.43,534.58,50.789,10.43154665212968,0.4890000000000001,0.2179423980984246,528.929,59.48272101113807,-0.3248768016225051,-0.27058957576391834,0.09500221919437758,-0.09500221919437758,0.0,NORMAL
2026-09-05 12:24:30,ROUTER-05,50.23,0.95,537.6,50.292,10.315791346819374,0.5090000000000001,0.2511949221001336,528.05,59.26055480296783,-0.006010144728707398,1.7549101124465794,0.1611524548919057,-0.1611524548919057,1.7549101124465794,NORMAL
2026-09-05 12:26:30,ROUTER-05,37.3,0.01,428.27,50.602,9.812795275104516,0.4410000000000001,0.2863350795445452,516.298,66.55537874582343,-1.3555632284945913,-1.5047039653289842,-1.3226259003587146,1.3226259003587146,1.3226259003587146,NORMAL
2026-09-05 12:27:30,ROUTER-05,17.7,1.0,470.46,47.658,14.339159126128934,0.5070000000000002,0.332767853682485,522.638,57.380592499167854,-2.0892292786180753,1.481068221355677,-0.9093302594902762,0.9093302594902762,2.390398480845953,NORMAL
2026-09-05 12:32:30,ROUTER-05,84.36,0.57,536.47,50.792,18.47090673344322,0.5640000000000003,0.2810772926517683,517.895,53.58909782367641,1.81733461984086,0.0213388497464144,0.3466183625498004,-0.3466183625498004,1.8386734695872744,NORMAL
2026-09-05 12:33:00,ROUTER-05,29.16,0.65,463.27,46.258,17.54635815331622,0.5780000000000001,0.2815749357532517,515.3370000000001,55.69856133190919,-0.9744416708262311,0.255613797540979,-0.9347980499878095,0.9347980499878095,1.1904118475287886,NORMAL
2026-09-05 12:36:30,ROUTER-05,62.8,0.64,466.72,46.858,18.042468912109744,0.5740000000000002,0.2802459237487339,500.049,43.55912672576344,0.8835770603209452,0.2354234337259484,-0.7651421410630151,0.7651421410630151,1.8841426351099089,NORMAL
2026-09-05 12:37:00,ROUTER-05,61.38,0.8,424.34,48.362,18.612350021782195,0.6150000000000001,0.2803271897860369,492.15199999999993,49.63664658742021,0.6994243092534838,0.6597077841886626,-1.3661652840314482,1.3661652840314482,2.7252973774735945,NORMAL
2026-09-05 12:37:30,ROUTER-05,54.22,0.48,548.66,49.23,18.66843563046704,0.6080000000000002,0.282991951200821,490.244,46.68734522806425,0.26729466621132963,-0.4521499090915483,1.251214319280969,-1.251214319280969,0.26729466621132963,NORMAL
2026-09-05 12:38:30,ROUTER-05,49.06,0.55,562.08,49.361,18.66149121706105,0.6080000000000002,0.282991951200821,497.245,51.944746766797074,-0.016129385565192885,-0.20488042755710803,1.248150760576356,-1.248150760576356,0.0,NORMAL
2026-09-05 12:41:00,ROUTER-05,35.17,1.11,578.02,48.138,19.19734634439533,0.6760000000000002,0.3153199433379851,501.58900000000006,56.985676065715616,-0.6755065109889465,1.3759434340362924,1.341229430864646,-1.341229430864646,1.3759434340362924,NORMAL
2026-09-05 12:43:30,ROUTER-05,26.44,0.91,473.54,45.759,20.34882822179209,0.6720000000000002,0.3116907299088547,495.183,56.08118263335362,-0.9493866109032161,0.7633325085372937,-0.38592198651191467,0.38592198651191467,1.1492544950492083,NORMAL
2026-09-05 12:47:00,ROUTER-05,51.58,0.02,467.23,47.187,20.18968606326843,0.6730000000000003,0.3093380028383249,499.079,52.13031096311548,0.2175852674334301,-2.1102773221464317,-0.6109485693971324,0.6109485693971324,0.8285338368305625,NORMAL
2026-09-05 12:47:30,ROUTER-05,403.47,13.11,143.61,85.76400000000001,112.96747537824034,1.8840000000000003,3.954856929565637,466.39400000000006,124.41605578773904,2.8123645119960337,2.8384632753087713,-2.594389755544993,2.594389755544993,8.245217542849797,ANOMALY
2026-09-05 12:50:30,ROUTER-05,58.29,0.51,349.35,83.15700000000001,113.30378997779968,1.878,3.957116795513286,447.682,126.7549942737301,-0.21947172338807036,-0.34569751183484454,-0.7757636926816536,0.7757636926816536,0.7757636926816536,NORMAL
2026-09-05 12:52:30,ROUTER-05,43.56,0.44,534.04,84.59700000000001,112.63078807916304,1.8570000000000004,3.964907312914137,454.759,129.66424003299196,-0.36434943113612844,-0.35737639004719934,0.611432564881197,-0.611432564881197,0.0,NORMAL
2026-09-05 12:56:00,ROUTER-05,28.96,0.41,572.03,81.21300000000001,113.86010022537894,1.8340000000000003,3.973409395245125,465.29,134.91385671358353,-0.458922432040068,-0.3583733819036696,0.7911709255299979,-0.7911709255299979,0.0,NORMAL
2026-09-05 12:57:30,ROUTER-05,421.33,13.84,130.22,117.208,155.99391988151334,3.1380000000000003,5.458556585765142,435.878,171.83974561588877,1.9495747351789419,1.960555648052349,-1.7787376315690664,1.7787376315690664,5.688868014800358,WARNING
2026-09-05 12:58:00,ROUTER-05,39.22,0.76,633.38,115.708,156.7372420326452,3.166,5.4441062933536974,444.35,179.91652268019564,-0.4880011298396849,-0.4419376986021363,1.0506533369960123,-1.0506533369960123,0.0,NORMAL
2026-09-05 12:58:30,ROUTER-05,63.42,0.36,621.86,117.144,156.123357722881,3.147,5.454572088318814,450.328,185.17909606048357,-0.3441122864147683,-0.5109381379622,0.9263027578107312,-0.9263027578107312,0.0,NORMAL
2026-09-05 12:59:00,ROUTER-05,45.58,0.36,558.85,118.18500000000002,155.5496912565242,3.072,5.490729156192888,448.411,183.8044574752685,-0.46676372506513897,-0.4939144750007826,0.6008501721447247,-0.6008501721447247,0.0,NORMAL
2026-09-05 12:59:30,ROUTER-05,68.72,0.58,642.54,122.413,153.33776783804947,3.039,5.506136879276917,465.311,193.86570646541213,-0.3501613838579575,-0.4465844920792652,0.9141839049972933,-0.9141839049972933,0.0,NORMAL
2026-09-05 13:01:00,ROUTER-05,37.47,1.13,441.18,121.002,154.12488787415947,3.15,5.449409753970303,462.706,194.0120189976785,-0.5419757117398932,-0.3706755453604438,-0.11095183182993627,0.11095183182993627,0.11095183182993627,NORMAL
2026-09-05 13:06:00,ROUTER-05,64.46,0.0,562.35,87.101,118.18365100789345,1.839,4.226875520602266,504.58,159.63093629438566,-0.1915745591666643,-0.43506284600814926,0.36189704296264,-0.36189704296264,0.0,NORMAL
2026-09-05 13:10:00,ROUTER-05,75.17,0.5,580.6,88.78900000000002,117.84649143412514,1.838,4.227226040797914,527.705,151.17074733558732,-0.11556549777354294,-0.3165121372439611,0.34990212023206607,-0.34990212023206607,0.0,NORMAL
2026-09-05 13:15:00,ROUTER-05,313.72,20.08,115.56,115.80500000000002,135.90838811902344,3.802,7.09513260388181,485.8570000000001,199.4392615448512,1.4562372279991347,2.2942165407085158,-1.8566896581080625,1.8566896581080625,5.607143426815713,WARNING
2026-09-05 13:18:30,ROUTER-05,55.61,0.5,584.65,118.47,134.26763132721985,3.811,7.090407369585098,487.119,200.084014545557,-0.46816907814436654,-0.4669623522574159,0.48744999182727816,-0.48744999182727816,0.0,NORMAL
2026-09-05 13:19:30,ROUTER-05,31.86,0.61,511.85,79.52300000000001,83.57205527766644,2.488,6.188045464172567,525.282,155.98187086966223,-0.5703215364213219,-0.30348349289347426,-0.08611251624217346,0.08611251624217346,0.08611251624217346,NORMAL
2026-09-05 13:20:30,ROUTER-05,428.14,18.17,86.96,118.415,136.48044224967427,4.229,7.868753183743069,470.64,202.63722724777568,2.2693711125018567,1.771668586828116,-1.893432000960285,1.893432000960285,5.934471700290258,WARNING
2026-09-05 13:21:00,ROUTER-05,39.42,0.0,594.94,116.015,137.76000066540846,4.193,7.889217747449153,467.948,200.5733852290035,-0.5560027876724177,-0.5314781498508815,0.6331445048930958,-0.6331445048930958,0.0,NORMAL
2026-09-05 13:22:00,ROUTER-05,58.37,0.63,480.95,117.294,137.0911531467699,4.220000000000001,7.875091533859571,460.1580000000001,198.1487048658154,-0.42981589742210585,-0.4558619285086225,0.10493124101394441,-0.10493124101394441,0.0,NORMAL
2026-09-05 13:23:30,ROUTER-05,36.19,0.18,593.82,114.041,138.747758216124,4.180000000000001,7.896620936971854,455.28600000000006,193.7154716588224,-0.5610969495380136,-0.5065393638608022,0.7151412703362339,-0.7151412703362339,0.0,NORMAL
2026-09-05 13:26:30,ROUTER-05,68.54,0.48,551.72,117.148,137.18161204929928,4.115,7.927132380487777,466.34,195.96195310995117,-0.3543329447771554,-0.458545911804888,0.43569659862715715,-0.43569659862715715,0.0,NORMAL
2026-09-05 13:27:00,ROUTER-05,66.37,0.6,482.75,117.33900000000004,137.1014090575132,4.175,7.894729958086669,458.38,193.2262736908324,-0.3717610429701315,-0.4528279923670971,0.1261214995370802,-0.1261214995370802,0.0,NORMAL
2026-09-05 13:30:00,ROUTER-05,84.79,0.7,593.62,118.30100000000002,136.80607754937077,4.195,7.884632380636259,459.682,194.18282129077343,-0.24495238884886264,-0.4432617153352224,0.6897516996329379,-0.6897516996329379,0.0,NORMAL
2026-09-05 13:33:00,ROUTER-05,60.62,0.86,327.81,92.991,118.8723296884332,2.273,5.591213444126222,480.907,161.18587614235247,-0.27231713934715546,-0.25271343023782417,-0.9498158814064032,0.9498158814064032,0.9498158814064032,NORMAL
2026-09-05 13:36:00,ROUTER-05,33.45,0.32,449.78,90.775,119.84914677766102,2.255,5.5978413498220725,467.42,157.13238169701938,-0.47830922213759747,-0.3456627854919385,-0.1122619576136603,0.1122619576136603,0.1122619576136603,NORMAL
2026-09-05 13:37:30,ROUTER-05,87.39,0.79,300.98,96.328,118.0896480362836,2.273,5.592250689818707,446.3330000000001,164.48468399148234,-0.07568819604267224,-0.26518365572100344,-0.8836866029354241,0.8836866029354241,0.8836866029354241,NORMAL
2026-09-05 13:38:00,ROUTER-05,49.91,0.53,602.16,58.50500000000002,19.020803961277128,0.509,0.2720069443558157,497.85300000000007,111.59793815797455,-0.45187126844748143,0.07717553864608377,0.9346669683596615,-0.9346669683596615,0.07717553864608377,NORMAL
2026-09-05 13:39:00,ROUTER-05,51.23,0.25,403.44,59.686000000000014,18.045804806411752,0.534,0.2279473623449285,478.703,109.4976418873434,-0.4685827666006296,-1.2453553379426574,-0.6873475078365927,0.6873475078365927,0.6873475078365927,NORMAL
2026-09-05 13:39:30,ROUTER-05,48.52,0.66,413.98,58.70100000000002,18.39113642189876,0.537,0.2295430242895874,472.006,111.3767988207399,-0.5535788767239883,0.535613918082236,-0.5209877507308969,0.5209877507308969,1.056601668813133,NORMAL
2026-09-05 13:40:00,ROUTER-05,437.11,13.7,110.52,98.793,120.02640756192876,1.889,4.154412513621312,423.67599999999993,150.59832905963992,2.8186856959529734,2.8429328257588646,-2.079410800998356,2.079410800998356,7.741029322710194,ANOMALY
2026-09-05 13:40:30,ROUTER-05,45.65,0.92,424.36,96.50400000000002,120.88267307140794,1.9330000000000005,4.140137007931556,410.94000000000005,143.7984142239871,-0.42068856221522577,-0.2446719832848629,0.09332502545260209,-0.09332502545260209,0.0,NORMAL
2026-09-05 13:43:00,ROUTER-05,47.38,0.38,517.33,94.60500000000002,121.55594653857496,1.911,4.148583292322013,414.398,146.11427558212418,-0.38850391522904204,-0.36903274897686905,0.7044618271810406,-0.7044618271810406,0.0,NORMAL
2026-09-05 13:45:00,ROUTER-05,50.42,0.68,542.56,91.168,122.34763020908,1.909,4.149236743734392,409.292,139.916123429559,-0.3330507229710413,-0.2961919159383298,0.952484256174152,-0.952484256174152,0.0,NORMAL
2026-09-05 13:45:30,ROUTER-05,49.86,0.45,528.93,90.092,122.6929665465792,1.868,4.162757633001365,429.404,141.34972532300483,-0.327907689753001,-0.34063139434764694,0.7041112344678787,-0.7041112344678787,0.0,NORMAL
2026-09-05 13:53:00,ROUTER-05,48.94,0.64,376.08,91.641,121.99419534915953,1.9,4.150748259183051,422.034,142.0887055641261,-0.35002456367148643,-0.30355241177811365,-0.32341745584778325,0.32341745584778325,0.32341745584778325,NORMAL
2026-09-05 13:55:00,ROUTER-05,35.91,0.17,499.81,86.49300000000002,123.27300669201225,1.838,4.173737467120382,441.917,137.0906028913402,-0.41033280783924353,-0.3996322360752558,0.4222970542786314,-0.4222970542786314,0.0,NORMAL
2026-09-05 13:55:30,ROUTER-05,47.84,0.38,452.86,86.28600000000002,123.34298054161368,1.823,4.179226536626659,426.987,125.32508031781468,-0.3116996902556608,-0.3452709395530306,0.20644694014712864,-0.20644694014712864,0.0,NORMAL
2026-09-05 14:05:00,ROUTER-05,11.69,0.36,477.25,82.33200000000002,125.2112510741569,1.834,4.174768656265081,434.36800000000005,125.95612029591904,-0.5641820760975739,-0.3530649994911863,0.3404516259637978,-0.3404516259637978,0.0,NORMAL
2026-09-05 14:05:30,ROUTER-05,64.01,0.24,627.25,83.88100000000001,124.84175178111602,1.7919999999999998,4.189976929132985,455.695,139.45285314399277,-0.15916937883010288,-0.3703989273345254,1.2301998353728667,-1.2301998353728667,0.0,NORMAL
2026-09-05 14:09:30,ROUTER-05,11.13,0.58,486.75,41.28300000000001,17.144005787576244,0.4800000000000001,0.2256349066769734,493.3179999999999,68.86993809590165,-1.758796893440244,0.4429975030095804,-0.0953680320439779,0.0953680320439779,0.5383655350535583,NORMAL
2026-09-05 14:10:30,ROUTER-05,55.88,0.54,329.7,42.30600000000002,17.728786509829558,0.4420000000000001,0.1679153225753113,483.852,84.20029556559366,0.7656431210428275,0.5832801347988505,-1.8307752471294831,1.8307752471294831,3.1796985029711613,WARNING
2026-09-05 14:11:30,ROUTER-05,52.75,0.62,421.62,42.84300000000002,17.979113839242686,0.4660000000000002,0.1750682406631889,474.28100000000006,85.40310486809665,0.5510252054723479,0.8791548023600289,-0.6166162040562038,0.6166162040562038,2.0467962118885805,NORMAL
2026-09-05 14:18:00,ROUTER-05,29.42,0.55,616.07,40.74300000000001,18.22057082286706,0.4530000000000002,0.1617302280548753,481.632,94.60146790028624,-0.6214370541061293,0.5993935815693714,1.4210969541403686,-1.4210969541403686,0.5993935815693714,NORMAL
2026-09-05 14:19:00,ROUTER-05,72.07,0.84,365.39,42.96400000000001,20.64739865239964,0.4920000000000001,0.2027477907812612,465.2780000000001,99.52415014569196,1.4096622787098376,1.7155720486759556,-1.0036548866610464,1.0036548866610464,4.12888921404684,WARNING
2026-09-05 14:21:00,ROUTER-05,40.92,0.38,540.48,42.16200000000001,20.54498846704749,0.4660000000000002,0.1982815058334258,481.718,96.69070377009136,-0.06045240457309639,-0.4335081520764918,0.6077310117280916,-0.6077310117280916,0.0,NORMAL
2026-09-05 14:21:30,ROUTER-05,77.39,0.58,441.74,46.31000000000002,23.16303184914376,0.5070000000000002,0.1707532332539625,475.911,97.22570378591595,1.3417874664970608,0.4272673019391437,-0.35146019543579204,0.35146019543579204,2.1205149638719964,NORMAL
2026-09-05 14:23:30,ROUTER-05,40.91,0.49,582.16,45.61700000000001,23.21577770492404,0.5180000000000001,0.1651127560857661,488.841,102.28565104646889,-0.2027491727784933,-0.1694784389739533,0.9123362642916383,-0.9123362642916383,0.0,NORMAL
2026-09-05 14:24:00,ROUTER-05,61.13,0.51,588.47,50.561000000000014,20.264724386096358,0.5330000000000001,0.155709844119025,499.963,106.83101256449622,0.5215441199308567,-0.1476158334542082,0.8284758800631833,-0.8284758800631833,0.5215441199308567,NORMAL
2026-09-05 14:25:00,ROUTER-05,69.53,0.43,434.7,51.113000000000014,20.7413484239682,0.5520000000000002,0.1244365076834769,480.708,98.35622092961664,0.8879322033613549,-0.9796324167855779,-0.4677686148196125,0.4677686148196125,1.3557008181809675,NORMAL
2026-09-05 14:28:30,ROUTER-05,52.05,0.3,493.95,55.20500000000002,15.29932769038502,0.5240000000000002,0.1469088908890055,481.42800000000005,98.4316889805085,-0.20621686404536513,-1.5237173659729502,0.1272149996428445,-0.1272149996428445,0.0,NORMAL
2026-09-05 14:32:00,ROUTER-05,34.3,0.28,539.31,53.04700000000001,16.65539155282102,0.4980000000000001,0.1655831446065486,502.389,83.75525276396428,-1.1255747055285645,-1.315764500472812,0.4408195868274724,-0.4408195868274724,0.0,NORMAL
2026-09-05 14:35:30,ROUTER-05,72.52,0.75,510.09,55.024000000000015,17.753381023843932,0.5110000000000001,0.1806439100059498,511.236,78.80176340384484,0.9854968710925964,1.3223128789906804,-0.014542803310715875,0.014542803310715875,2.322352553393993,NORMAL
2026-09-05 14:38:00,ROUTER-05,56.84,0.16,659.32,57.766000000000005,15.308640407009218,0.4720000000000001,0.2108606701645367,515.5609999999999,86.04850601711665,-0.060488320748846594,-1.4789486578548445,1.6706720382129585,-1.6706720382129585,0.0,NORMAL
2026-09-05 14:41:30,ROUTER-05,57.62,0.1,457.43,56.32100000000001,14.467307551088489,0.3980000000000002,0.1967400992850257,524.765,71.97210590067345,0.08978802839505631,-1.5139191713599691,-0.9355694904353337,0.9355694904353337,1.02535751883039,NORMAL
2026-09-05 14:44:30,ROUTER-05,20.5,0.65,585.12,54.27900000000002,17.913317485416748,0.4250000000000001,0.2119355247868603,529.229,74.39858727003997,-1.885681502566408,1.0611429392606337,0.7512363732593307,-0.7512363732593307,1.0611429392606337,NORMAL
2026-09-05 14:49:00,ROUTER-05,47.49,0.57,681.79,51.28900000000001,16.02273970885696,0.4240000000000002,0.2111450265155147,553.234,81.42786953972048,-0.2370990454270119,0.6911405319607697,1.578769564397531,-1.578769564397531,0.6911405319607697,NORMAL
2026-09-05 14:52:30,ROUTER-05,67.6,0.91,450.87,53.95800000000001,16.321911516595094,0.4660000000000002,0.2614999468876381,540.105,86.66182681998889,0.835803845998377,1.6972480510124333,-1.0296909297361438,1.0296909297361438,3.5627428267469536,WARNING
2026-09-05 14:57:00,ROUTER-05,54.63,0.23,461.79,53.308000000000014,16.132893106941605,0.4380000000000001,0.2710801439509351,527.437,88.05410824537867,0.08194387682662348,-0.7670178095252939,-0.7455293881816867,0.7455293881816867,0.8274732650083102,NORMAL
2026-09-05 15:00:00,ROUTER-05,61.3,0.33,587.1,52.485000000000014,15.40698849368196,0.4280000000000002,0.2732438878039863,542.677,83.27910249409625,0.5721392464004333,-0.3585227413984672,0.5334224952880546,-0.5334224952880546,0.5721392464004333,NORMAL
2026-09-05 15:00:30,ROUTER-05,55.72,0.57,469.9,52.85200000000001,15.439152106828333,0.4550000000000002,0.2725293052540176,540.2719999999999,85.16846779569676,0.1857602933196197,0.4218181896947965,-0.8262672699722865,0.8262672699722865,1.4338457529867026,NORMAL
2026-09-05 15:02:00,ROUTER-05,47.92,0.52,635.66,54.21400000000001,14.169232081442583,0.4790000000000002,0.2658926266162795,549.9069999999999,90.34048188812002,-0.4441987783067907,0.15413961101691118,0.9492190354297102,-0.9492190354297102,0.15413961101691118,NORMAL
2026-09-05 15:02:30,ROUTER-05,31.64,0.72,651.78,50.12600000000001,14.19805401376476,0.4760000000000001,0.2626446691296771,564.076,94.42088577804738,-1.3020002446852097,0.9286582323753034,0.928861304267286,-0.928861304267286,0.9286582323753034,NORMAL
2026-09-05 15:05:30,ROUTER-05,55.92,0.51,510.55,50.034000000000006,14.15262299991707,0.5110000000000001,0.2380219410988405,549.199,89.32966092575899,0.41589169801701664,-0.004199529011839478,-0.43265536143235306,0.43265536143235306,0.8485470594493697,NORMAL
2026-09-05 15:12:30,ROUTER-05,44.41,1.02,291.75,48.71300000000001,13.981345548027097,0.6030000000000002,0.2393068694747258,532.631,118.7581795498734,-0.3077650293897688,1.7418046562946372,-2.0283301586466673,2.0283301586466673,3.7701348149413043,WARNING
2026-09-05 15:13:30,ROUTER-05,44.01,0.27,494.87,51.06400000000001,10.166257040928391,0.5650000000000002,0.2602669569670812,523.606,117.75107389932552,-0.6938571969882181,-1.1330162760910467,-0.24404002990720577,0.24404002990720577,0.24404002990720577,NORMAL
2026-09-05 15:19:00,ROUTER-05,73.13,0.12,540.92,53.62800000000001,12.19548623239141,0.5200000000000002,0.2957852073530797,509.519,104.39295404597202,1.5991031204553976,-1.3518756262886789,0.3007958746582101,-0.3007958746582101,1.5991031204553976,NORMAL
2026-09-05 15:20:30,ROUTER-05,68.13,0.42,496.15,53.681,12.263913142042371,0.4710000000000002,0.2627398375241896,514.047,102.53183614533252,1.178162468732788,-0.194034513490774,-0.17455049297647304,0.17455049297647304,1.352712961709261,NORMAL
2026-09-05 15:23:30,ROUTER-05,49.95,0.32,504.1,53.21300000000001,12.312873164114032,0.4800000000000001,0.2549945533187672,518.278,100.9973222747348,-0.2650050443957734,-0.6272184094815362,-0.14037982040207694,0.14037982040207694,0.14037982040207694,NORMAL
2026-09-05 15:25:30,ROUTER-05,64.33,0.87,495.12,53.516000000000005,12.56861894649632,0.5340000000000001,0.2760112719115611,509.0799999999999,98.182327669834,0.8603899924912016,1.2169006997570937,-0.1421843025408207,0.1421843025408207,2.219474994789116,NORMAL
2026-09-05 15:27:30,ROUTER-05,47.1,0.66,429.86,52.65400000000001,12.695618841859648,0.5430000000000003,0.2787691199222715,505.076,100.74077903212772,-0.43747030547712323,0.41955165216073725,-0.7466283868340333,0.7466283868340333,1.1661800389947705,NORMAL
2026-09-05 15:31:00,ROUTER-05,34.64,0.43,602.36,51.32600000000001,13.884708775404029,0.5340000000000001,0.2810377594243124,501.746,96.40161803621342,-1.2017450344406682,-0.3699254067221764,1.0436950922617816,-1.0436950922617816,0.0,NORMAL
2026-09-05 15:33:00,ROUTER-05,46.6,0.61,422.75,52.82200000000002,12.236024045597834,0.5230000000000002,0.2750373711981174,478.843,83.08238241515335,-0.5084943546513402,0.3162056816242309,-0.6751483389688565,0.6751483389688565,0.9913540205930874,NORMAL
2026-09-05 15:37:30,ROUTER-05,23.47,0.22,648.62,49.57700000000001,15.253868762455834,0.4940000000000002,0.2913646054917254,492.65,98.90326575891098,-1.7114890168292753,-0.9400798410418965,1.576993854589296,-1.576993854589296,0.0,NORMAL
2026-09-05 15:39:00,ROUTER-05,43.01,0.37,667.67,49.437000000000005,15.312871165569732,0.4290000000000001,0.2261980449861819,530.242,84.44347850617113,-0.41970953451873,-0.2607181162506408,1.6274535308798734,-1.6274535308798734,0.0,NORMAL
2026-09-05 15:40:30,ROUTER-05,307.1,20.27,128.11,75.74600000000001,82.6972326824383,2.4290000000000003,6.272519341451959,493.566,153.18252976977064,2.7975992997066834,2.8442663309886496,-2.3857535319067864,2.3857535319067864,8.02761916260212,ANOMALY
2026-09-05 15:41:00,ROUTER-05,32.45,0.13,496.08,71.67800000000001,83.83297187463498,2.43,6.27211111012694,489.0820000000001,152.29607245245836,-0.46792988879928016,-0.3666968409731113,0.0459499400891668,-0.0459499400891668,0.0,NORMAL
2026-09-05 15:41:30,ROUTER-05,6.92,0.52,487.17,65.557,86.31856270685803,2.4400000000000004,6.268629125344004,488.184,152.2762395706493,-0.679308485108647,-0.30628217643630246,-0.006658946510397041,0.006658946510397041,0.006658946510397041,NORMAL
2026-09-05 15:44:30,ROUTER-05,57.03,0.63,525.05,66.26500000000001,86.20528924865602,2.4710000000000005,6.257737344013944,490.279,152.66316258351262,-0.1071278731003931,-0.29419109171334484,0.22776272045790255,-0.22776272045790255,0.0,NORMAL
2026-09-05 15:47:00,ROUTER-05,48.5,0.02,457.48,64.68200000000002,86.38991656694922,2.386,6.287601909931783,486.515,152.99420215957352,-0.1873133105311947,-0.3762901031079047,-0.1897783093236791,0.1897783093236791,0.1897783093236791,NORMAL
2026-09-05 15:50:30,ROUTER-05,37.95,0.5,509.85,63.76700000000001,86.6449075313207,2.37,6.292683582277651,494.514,151.7893006915983,-0.297962926377121,-0.29716578928067316,0.10103472264943777,-0.10103472264943777,0.0,NORMAL
2026-09-05 15:54:00,ROUTER-05,61.05,0.23,576.67,66.40800000000002,86.05896632219358,2.3500000000000005,6.29984832268912,491.945,149.96769179837815,-0.062259564610431466,-0.33651069682030077,0.5649546411532629,-0.5649546411532629,0.0,NORMAL
2026-09-05 15:56:30,ROUTER-05,42.06,0.43,572.32,65.95400000000001,86.18695327922643,2.3320000000000003,6.305626764159842,506.902,149.75826868657367,-0.27723421431510004,-0.3016305766387608,0.4368236685117217,-0.4368236685117217,0.0,NORMAL
2026-09-05 15:58:00,ROUTER-05,54.4,0.41,525.66,69.047,85.04028875904777,2.3510000000000004,6.2988384290721084,494.6060000000001,141.65835514441858,-0.17223580717040934,-0.30814716191565117,0.21921741253171786,-0.21921741253171786,0.0,NORMAL
2026-09-05 15:58:30,ROUTER-05,29.65,0.48,515.52,67.71100000000001,85.59790086341036,2.3620000000000005,6.295089444250267,479.391,128.57124755904368,-0.4446482349597668,-0.29895843749689405,0.2810035103926128,-0.2810035103926128,0.0,NORMAL
2026-09-05 16:01:30,ROUTER-05,37.85,1.03,414.7,40.786000000000016,15.909589840372687,0.4380000000000003,0.2815354724048901,508.0499999999999,48.70351687050475,-0.18454162396991378,2.1020079429089726,-1.9166954324604446,1.9166954324604446,4.018703375369418,WARNING
2026-09-05 16:03:30,ROUTER-05,50.93,0.87,402.17,42.634000000000015,15.907008378559327,0.5120000000000003,0.2887444083153056,498.65899999999993,59.19241476368023,0.5215278479639891,1.2394216044826565,-1.6300878647447552,1.6300878647447552,3.391037317191401,WARNING
2026-09-05 16:04:30,ROUTER-05,60.4,0.31,396.52,47.98200000000001,10.705274712340088,0.4910000000000004,0.2956518222504684,489.5940000000001,67.50499046572615,1.1599780795795736,-0.6119996104257773,-1.3787700950827684,1.3787700950827684,2.538748174662342,NORMAL
2026-09-05 16:05:30,ROUTER-05,44.49,0.44,426.55,46.72800000000001,10.25252684301134,0.4720000000000003,0.2918066330828235,479.744,68.92790649173486,-0.21828552177586857,-0.10962409336865207,-0.7717327499726616,0.7717327499726616,0.7717327499726616,NORMAL
2026-09-05 16:06:00,ROUTER-05,37.59,0.26,599.17,45.637000000000015,10.617014698638805,0.4960000000000003,0.2584655575593526,493.9129999999999,77.83085992501087,-0.7579271985289655,-0.9127279063292393,1.3523795685086477,-1.3523795685086477,0.0,NORMAL
2026-09-05 16:06:30,ROUTER-05,51.29,0.48,468.3,46.97100000000001,10.379252220977584,0.4940000000000004,0.2585085427344505,489.758,77.99443168158439,0.4161146002224406,-0.05413587599221792,-0.27512185197294425,0.27512185197294425,0.6912364521953849,NORMAL
2026-09-05 16:08:00,ROUTER-05,56.55,0.49,684.29,46.52100000000001,9.781353519154088,0.5200000000000004,0.2415229457698708,500.52,96.53955965187416,1.0253077398324446,-0.1241603933948115,1.9035700007922327,-1.9035700007922327,1.0253077398324446,NORMAL
2026-09-05 16:13:00,ROUTER-05,40.31,0.31,663.98,46.34600000000001,9.885138339952627,0.5080000000000003,0.2493458107395348,509.686,107.80783069888746,-0.6106074322563005,-0.7937595721210452,1.4311934103526236,-1.4311934103526236,0.0,NORMAL
2026-09-05 16:17:00,ROUTER-05,45.62,0.7,502.72,45.46800000000001,9.471565399188902,0.5370000000000004,0.2535109026803392,507.392,107.67414182512792,0.01604786419218348,0.6427168480428106,-0.04339013603260557,0.04339013603260557,0.7021548482675997,NORMAL
